path,category,decision,confidence,productionCritical,evidence
".env.example","PRODUCTIVE_CONFIG","KEEP_PRODUCTIVE","MEDIUM","false",".gitignore (CONFIG_REFERENCE)"
".env.local.example","PRODUCTIVE_CONFIG","KEEP_PRODUCTIVE","MEDIUM","false",".gitignore (CONFIG_REFERENCE), CHARROPRO-DEVELOPMENT-INFRASTRUCTURE-FOUNDATION-001/SETUP_GUIDE.md (DOCUMENTATION_ONLY_REFERENCE), CHARROPRO-DEVELOPMENT-INFRASTRUCTURE-FOUNDATION-001/VALIDATION.md (DOCUMENTATION_ONLY_REFERENCE), CHARROPRO-FMCH-CURRENT-SCORER-FUNCTIONAL-AUDIT-001/SCORER_ENTRYPOINTS.md (DOCUMENTATION_ONLY_REFERENCE)"
".env.production.example","PRODUCTIVE_CONFIG","KEEP_PRODUCTIVE","MEDIUM","false",".gitignore (CONFIG_REFERENCE)"
".env.staging.example","PRODUCTIVE_CONFIG","KEEP_PRODUCTIVE","MEDIUM","false",".gitignore (CONFIG_REFERENCE)"
".firebaserc","PRODUCTIVE_FIREBASE","KEEP_PRODUCTIVE","MEDIUM","true","CHARROPRO-DEVELOPMENT-INFRASTRUCTURE-FOUNDATION-001/DEVELOPMENT_ENVIRONMENT.md (DOCUMENTATION_ONLY_REFERENCE), CHARROPRO-DEVELOPMENT-INFRASTRUCTURE-FOUNDATION-001/FILES_CHANGED.md (DOCUMENTATION_ONLY_REFERENCE), CHARROPRO-DEVELOPMENT-INFRASTRUCTURE-FOUNDATION-001/SUMMARY.md (DOCUMENTATION_ONLY_REFERENCE), CHARROPRO-DEVELOPMENT-INFRASTRUCTURE-FOUNDATION-001/VALIDATION.md (DOCUMENTATION_ONLY_REFERENCE), CHARROPRO_MASTER_AUDIT_EVIDENCE.md (DOCUMENTATION_ONLY_REFERENCE)"
".gitignore","PRODUCTIVE_CONFIG","KEEP_PRODUCTIVE","MEDIUM","false","CHARROPRO-DEVELOPMENT-INFRASTRUCTURE-FOUNDATION-001/FILES_CHANGED.md (DOCUMENTATION_ONLY_REFERENCE), tests/development-infrastructure.test.mjs (CONFIG_REFERENCE)"
"ARCH_BROADCAST_STUDIO.md","DOCUMENTATION_CURRENT","KEEP_AUTHORITY","MEDIUM","false","no parsed consumer; path/role classification requires review"
"ARCH_DATA_GOVERNANCE.md","DOCUMENTATION_CURRENT","KEEP_AUTHORITY","MEDIUM","false","AUDIT_ORGANIZER_FLOW.md (DOCUMENTATION_ONLY_REFERENCE), CHARROPRO_MASTER_AUDIT_FINDINGS.md (DOCUMENTATION_ONLY_REFERENCE), CHARROPRO_MASTER_AUDIT_SECURITY.md (DOCUMENTATION_ONLY_REFERENCE), SPRINT_001_OPERACION_PROFESIONAL.md (DOCUMENTATION_ONLY_REFERENCE)"
"ARCH_EVENT_CATALOG.md","DOCUMENTATION_CURRENT","KEEP_AUTHORITY","MEDIUM","false","no parsed consumer; path/role classification requires review"
"ARCH_INTERNAL_COMPETITIONS.md","DOCUMENTATION_CURRENT","KEEP_AUTHORITY","MEDIUM","false","DESPLIEGUE_CHARROPRO.md (DOCUMENTATION_ONLY_REFERENCE)"
"AUDIT_ORGANIZER_FLOW.md","DOCUMENTATION_CURRENT","KEEP_AUTHORITY","MEDIUM","false","no parsed consumer; path/role classification requires review"
"BROADCAST_ACCESS_AND_SYNC_V1.md","DOCUMENTATION_CURRENT","KEEP_AUTHORITY","MEDIUM","false","no parsed consumer; path/role classification requires review"
"BROADCAST_ACTION_ENGINE_V1.md","DOCUMENTATION_CURRENT","KEEP_AUTHORITY","MEDIUM","false","no parsed consumer; path/role classification requires review"
"BROADCAST_ANNOUNCER_MONITOR_V1.md","DOCUMENTATION_CURRENT","KEEP_AUTHORITY","MEDIUM","false","DESPLIEGUE_CHARROPRO.md (DOCUMENTATION_ONLY_REFERENCE), tests/announcer-monitor.test.mjs (CONFIG_REFERENCE)"
"BROADCAST_ASSET_MANAGER_V1.md","DOCUMENTATION_CURRENT","KEEP_AUTHORITY","MEDIUM","false","DESPLIEGUE_CHARROPRO.md (DOCUMENTATION_ONLY_REFERENCE)"
"BROADCAST_BROWSER_OUTPUT_V1.md","DOCUMENTATION_CURRENT","KEEP_AUTHORITY","MEDIUM","false","DESPLIEGUE_CHARROPRO.md (DOCUMENTATION_ONLY_REFERENCE)"
"BROADCAST_COMPONENT_LIBRARY_V1.md","DOCUMENTATION_CURRENT","KEEP_AUTHORITY","MEDIUM","false","DESPLIEGUE_CHARROPRO.md (DOCUMENTATION_ONLY_REFERENCE)"
"BROADCAST_COMPONENT_RENDERER_V1.md","DOCUMENTATION_CURRENT","KEEP_AUTHORITY","MEDIUM","false","DESPLIEGUE_CHARROPRO.md (DOCUMENTATION_ONLY_REFERENCE)"
"BROADCAST_DATA_CONTRACT_V1.md","DOCUMENTATION_CURRENT","KEEP_AUTHORITY","MEDIUM","false","no parsed consumer; path/role classification requires review"
"BROADCAST_OUTPUT_ROUTING_V1.md","DOCUMENTATION_CURRENT","KEEP_AUTHORITY","MEDIUM","false","DESPLIEGUE_CHARROPRO.md (DOCUMENTATION_ONLY_REFERENCE)"
"BROADCAST_OUTPUT_V1.md","DOCUMENTATION_CURRENT","KEEP_AUTHORITY","MEDIUM","false","DESPLIEGUE_CHARROPRO.md (DOCUMENTATION_ONLY_REFERENCE)"
"BROADCAST_PLAYGROUND_V1.md","DOCUMENTATION_CURRENT","KEEP_AUTHORITY","MEDIUM","false","DESPLIEGUE_CHARROPRO.md (DOCUMENTATION_ONLY_REFERENCE)"
"BROADCAST_PREVIEW_ENGINE_V1.md","DOCUMENTATION_CURRENT","KEEP_AUTHORITY","MEDIUM","false","DESPLIEGUE_CHARROPRO.md (DOCUMENTATION_ONLY_REFERENCE)"
"BROADCAST_PRODUCTION_VARIABLES_V1.md","DOCUMENTATION_CURRENT","KEEP_AUTHORITY","MEDIUM","false","DESPLIEGUE_CHARROPRO.md (DOCUMENTATION_ONLY_REFERENCE)"
"BROADCAST_PROGRAM_ENGINE_V1.md","DOCUMENTATION_CURRENT","KEEP_AUTHORITY","MEDIUM","false","DESPLIEGUE_CHARROPRO.md (DOCUMENTATION_ONLY_REFERENCE)"
"BROADCAST_PROGRAM_MAIN_OUTPUT_V1.md","DOCUMENTATION_CURRENT","KEEP_AUTHORITY","MEDIUM","false","DESPLIEGUE_CHARROPRO.md (DOCUMENTATION_ONLY_REFERENCE)"
"BROADCAST_PROGRAM_PROJECTION_V1.md","DOCUMENTATION_CURRENT","KEEP_AUTHORITY","MEDIUM","false","DESPLIEGUE_CHARROPRO.md (DOCUMENTATION_ONLY_REFERENCE)"
"BROADCAST_REALTIME_LIVE_V1.md","DOCUMENTATION_CURRENT","KEEP_AUTHORITY","MEDIUM","false","no parsed consumer; path/role classification requires review"
"BROADCAST_STATE_V1.md","DOCUMENTATION_CURRENT","KEEP_AUTHORITY","MEDIUM","false","DESPLIEGUE_CHARROPRO.md (DOCUMENTATION_ONLY_REFERENCE)"
"BROADCAST_TEMPLATE_ENGINE_V1.md","DOCUMENTATION_CURRENT","KEEP_AUTHORITY","MEDIUM","false","DESPLIEGUE_CHARROPRO.md (DOCUMENTATION_ONLY_REFERENCE)"
"BROADCAST_TEMPLATE_RENDERER_INTEGRATION_V1.md","DOCUMENTATION_CURRENT","KEEP_AUTHORITY","MEDIUM","false","DESPLIEGUE_CHARROPRO.md (DOCUMENTATION_ONLY_REFERENCE)"
"BROADCAST_THEME_ENGINE_V1.md","DOCUMENTATION_CURRENT","KEEP_AUTHORITY","MEDIUM","false","DESPLIEGUE_CHARROPRO.md (DOCUMENTATION_ONLY_REFERENCE)"
"BROADCAST_THEME_TEMPLATE_INTEGRATION_V1.md","DOCUMENTATION_CURRENT","KEEP_AUTHORITY","MEDIUM","false","no parsed consumer; path/role classification requires review"
"CHARROPRO-BACKUP-AND-RECOVERY-FOUNDATION-001/FILES_CHANGED.md","DOCUMENTATION_HISTORICAL","KEEP_HISTORICAL","MEDIUM","false","no parsed consumer; path/role classification requires review"
"CHARROPRO-BACKUP-AND-RECOVERY-FOUNDATION-001/RISKS.md","DOCUMENTATION_HISTORICAL","KEEP_HISTORICAL","MEDIUM","false","CHARROPRO-BACKUP-AND-RECOVERY-FOUNDATION-001/FILES_CHANGED.md (DOCUMENTATION_ONLY_REFERENCE)"
"CHARROPRO-BACKUP-AND-RECOVERY-FOUNDATION-001/ROLLBACK.md","DOCUMENTATION_HISTORICAL","KEEP_HISTORICAL","MEDIUM","false","CHARROPRO-BACKUP-AND-RECOVERY-FOUNDATION-001/FILES_CHANGED.md (DOCUMENTATION_ONLY_REFERENCE)"
"CHARROPRO-BACKUP-AND-RECOVERY-FOUNDATION-001/SUMMARY.md","DOCUMENTATION_HISTORICAL","KEEP_HISTORICAL","MEDIUM","false","CHARROPRO-BACKUP-AND-RECOVERY-FOUNDATION-001/FILES_CHANGED.md (DOCUMENTATION_ONLY_REFERENCE)"
"CHARROPRO-BACKUP-AND-RECOVERY-FOUNDATION-001/TEST_RESULTS.md","DOCUMENTATION_HISTORICAL","KEEP_HISTORICAL","MEDIUM","false","CHARROPRO-BACKUP-AND-RECOVERY-FOUNDATION-001/FILES_CHANGED.md (DOCUMENTATION_ONLY_REFERENCE)"
"CHARROPRO-BACKUP-AND-RECOVERY-FOUNDATION-001/VALIDATION.md","DOCUMENTATION_HISTORICAL","KEEP_HISTORICAL","MEDIUM","false","CHARROPRO-BACKUP-AND-RECOVERY-FOUNDATION-001/FILES_CHANGED.md (DOCUMENTATION_ONLY_REFERENCE)"
"CHARROPRO-BACKUP-RESTORE-VALIDATION-001/FILES_CHANGED.md","DOCUMENTATION_HISTORICAL","KEEP_HISTORICAL","MEDIUM","false","no parsed consumer; path/role classification requires review"
"CHARROPRO-BACKUP-RESTORE-VALIDATION-001/RISKS.md","DOCUMENTATION_HISTORICAL","KEEP_HISTORICAL","MEDIUM","false","CHARROPRO-BACKUP-RESTORE-VALIDATION-001/FILES_CHANGED.md (DOCUMENTATION_ONLY_REFERENCE)"
"CHARROPRO-BACKUP-RESTORE-VALIDATION-001/ROLLBACK.md","DOCUMENTATION_HISTORICAL","KEEP_HISTORICAL","MEDIUM","false","CHARROPRO-BACKUP-RESTORE-VALIDATION-001/FILES_CHANGED.md (DOCUMENTATION_ONLY_REFERENCE)"
"CHARROPRO-BACKUP-RESTORE-VALIDATION-001/SUMMARY.md","DOCUMENTATION_HISTORICAL","KEEP_HISTORICAL","MEDIUM","false","CHARROPRO-BACKUP-RESTORE-VALIDATION-001/FILES_CHANGED.md (DOCUMENTATION_ONLY_REFERENCE)"
"CHARROPRO-BACKUP-RESTORE-VALIDATION-001/TEST_RESULTS.md","DOCUMENTATION_HISTORICAL","KEEP_HISTORICAL","MEDIUM","false","CHARROPRO-BACKUP-RESTORE-VALIDATION-001/FILES_CHANGED.md (DOCUMENTATION_ONLY_REFERENCE)"
"CHARROPRO-BACKUP-RESTORE-VALIDATION-001/VALIDATION.md","DOCUMENTATION_HISTORICAL","KEEP_HISTORICAL","MEDIUM","false","CHARROPRO-BACKUP-RESTORE-VALIDATION-001/FILES_CHANGED.md (DOCUMENTATION_ONLY_REFERENCE)"
"CHARROPRO-CONFIGURATION-MANAGEMENT-001/FILES_CHANGED.md","DOCUMENTATION_HISTORICAL","KEEP_HISTORICAL","MEDIUM","false","no parsed consumer; path/role classification requires review"
"CHARROPRO-CONFIGURATION-MANAGEMENT-001/RISKS.md","DOCUMENTATION_HISTORICAL","KEEP_HISTORICAL","MEDIUM","false","CHARROPRO-CONFIGURATION-MANAGEMENT-001/FILES_CHANGED.md (DOCUMENTATION_ONLY_REFERENCE)"
"CHARROPRO-CONFIGURATION-MANAGEMENT-001/ROLLBACK.md","DOCUMENTATION_HISTORICAL","KEEP_HISTORICAL","MEDIUM","false","CHARROPRO-CONFIGURATION-MANAGEMENT-001/FILES_CHANGED.md (DOCUMENTATION_ONLY_REFERENCE)"
"CHARROPRO-CONFIGURATION-MANAGEMENT-001/SUMMARY.md","DOCUMENTATION_HISTORICAL","KEEP_HISTORICAL","MEDIUM","false","CHARROPRO-CONFIGURATION-MANAGEMENT-001/FILES_CHANGED.md (DOCUMENTATION_ONLY_REFERENCE)"
"CHARROPRO-CONFIGURATION-MANAGEMENT-001/TEST_RESULTS.md","DOCUMENTATION_HISTORICAL","KEEP_HISTORICAL","MEDIUM","false","CHARROPRO-CONFIGURATION-MANAGEMENT-001/FILES_CHANGED.md (DOCUMENTATION_ONLY_REFERENCE)"
"CHARROPRO-CONFIGURATION-MANAGEMENT-001/VALIDATION.md","DOCUMENTATION_HISTORICAL","KEEP_HISTORICAL","MEDIUM","false","CHARROPRO-CONFIGURATION-MANAGEMENT-001/FILES_CHANGED.md (DOCUMENTATION_ONLY_REFERENCE)"
"CHARROPRO-DEVELOPMENT-INFRASTRUCTURE-FOUNDATION-001/DEVELOPMENT_ENVIRONMENT.md","DOCUMENTATION_HISTORICAL","KEEP_HISTORICAL","MEDIUM","false","CHARROPRO-FMCH-CURRENT-SCORER-FUNCTIONAL-AUDIT-001/SCORER_ENTRYPOINTS.md (DOCUMENTATION_ONLY_REFERENCE)"
"CHARROPRO-DEVELOPMENT-INFRASTRUCTURE-FOUNDATION-001/EMULATOR_CONFIGURATION.md","DOCUMENTATION_HISTORICAL","KEEP_HISTORICAL","MEDIUM","false","no parsed consumer; path/role classification requires review"
"CHARROPRO-DEVELOPMENT-INFRASTRUCTURE-FOUNDATION-001/FILES_CHANGED.md","DOCUMENTATION_HISTORICAL","KEEP_HISTORICAL","MEDIUM","false","no parsed consumer; path/role classification requires review"
"CHARROPRO-DEVELOPMENT-INFRASTRUCTURE-FOUNDATION-001/RISKS.md","DOCUMENTATION_HISTORICAL","KEEP_HISTORICAL","MEDIUM","false","no parsed consumer; path/role classification requires review"
"CHARROPRO-DEVELOPMENT-INFRASTRUCTURE-FOUNDATION-001/SETUP_GUIDE.md","DOCUMENTATION_HISTORICAL","KEEP_HISTORICAL","MEDIUM","false","no parsed consumer; path/role classification requires review"
"CHARROPRO-DEVELOPMENT-INFRASTRUCTURE-FOUNDATION-001/STAGING_ARCHITECTURE.md","DOCUMENTATION_HISTORICAL","KEEP_HISTORICAL","MEDIUM","false","no parsed consumer; path/role classification requires review"
"CHARROPRO-DEVELOPMENT-INFRASTRUCTURE-FOUNDATION-001/SUMMARY.md","DOCUMENTATION_HISTORICAL","KEEP_HISTORICAL","MEDIUM","false","no parsed consumer; path/role classification requires review"
"CHARROPRO-DEVELOPMENT-INFRASTRUCTURE-FOUNDATION-001/VALIDATION.md","DOCUMENTATION_HISTORICAL","KEEP_HISTORICAL","MEDIUM","false","no parsed consumer; path/role classification requires review"
"CHARROPRO-FMCH-2026-CALA-SCORER-001/FILES_CHANGED.md","DOCUMENTATION_HISTORICAL","KEEP_HISTORICAL","MEDIUM","false","no parsed consumer; path/role classification requires review"
"CHARROPRO-FMCH-2026-CALA-SCORER-001/FMCH_2026_CALA_BLOCKED_SOURCE_ITEMS.md","DOCUMENTATION_HISTORICAL","KEEP_HISTORICAL","MEDIUM","false","no parsed consumer; path/role classification requires review"
"CHARROPRO-FMCH-2026-CALA-SCORER-001/FMCH_2026_CALA_FIELDID_MAP.md","DOCUMENTATION_HISTORICAL","KEEP_HISTORICAL","MEDIUM","false","no parsed consumer; path/role classification requires review"
"CHARROPRO-FMCH-2026-CALA-SCORER-001/FMCH_2026_CALA_IMPLEMENTATION.md","DOCUMENTATION_HISTORICAL","KEEP_HISTORICAL","MEDIUM","false","no parsed consumer; path/role classification requires review"
"CHARROPRO-FMCH-2026-CALA-SCORER-001/FMCH_2026_CALA_PUNTA_PRESERVATION.md","DOCUMENTATION_HISTORICAL","KEEP_HISTORICAL","MEDIUM","false","no parsed consumer; path/role classification requires review"
"CHARROPRO-FMCH-2026-CALA-SCORER-001/FMCH_2026_CALA_RULE_RECONCILIATION.md","DOCUMENTATION_HISTORICAL","KEEP_HISTORICAL","MEDIUM","false","no parsed consumer; path/role classification requires review"
"CHARROPRO-FMCH-2026-CALA-SCORER-001/FMCH_2026_CALA_TEST_EVIDENCE.md","DOCUMENTATION_HISTORICAL","KEEP_HISTORICAL","MEDIUM","false","no parsed consumer; path/role classification requires review"
"CHARROPRO-FMCH-2026-CALA-SCORER-001/evidence/desktop-cala.png","FIXTURE","KEEP_CERTIFICATION_EVIDENCE","MEDIUM","false","no parsed consumer; path/role classification requires review"
"CHARROPRO-FMCH-2026-CALA-SCORER-001/evidence/ipad-landscape-cala.png","FIXTURE","KEEP_CERTIFICATION_EVIDENCE","MEDIUM","false","no parsed consumer; path/role classification requires review"
"CHARROPRO-FMCH-2026-CALA-SCORER-001/evidence/ipad-portrait-cala.png","FIXTURE","KEEP_CERTIFICATION_EVIDENCE","MEDIUM","false","no parsed consumer; path/role classification requires review"
"CHARROPRO-FMCH-2026-JINETEOS-DYNAMIC-IMPLEMENTATION-001/DYNAMIC_RULE_RECONCILIATION.md","DOCUMENTATION_HISTORICAL","KEEP_HISTORICAL","MEDIUM","false","CHARROPRO-FMCH-2026-JINETEOS-DYNAMIC-IMPLEMENTATION-001/FILES_CHANGED.md (DOCUMENTATION_ONLY_REFERENCE)"
"CHARROPRO-FMCH-2026-JINETEOS-DYNAMIC-IMPLEMENTATION-001/FIELDID_AND_BLOCKERS.md","DOCUMENTATION_HISTORICAL","KEEP_HISTORICAL","MEDIUM","false","CHARROPRO-FMCH-2026-JINETEOS-DYNAMIC-IMPLEMENTATION-001/FILES_CHANGED.md (DOCUMENTATION_ONLY_REFERENCE)"
"CHARROPRO-FMCH-2026-JINETEOS-DYNAMIC-IMPLEMENTATION-001/FILES_CHANGED.md","DOCUMENTATION_HISTORICAL","KEEP_HISTORICAL","MEDIUM","false","no parsed consumer; path/role classification requires review"
"CHARROPRO-FMCH-2026-JINETEOS-DYNAMIC-IMPLEMENTATION-001/IMPLEMENTATION_SUMMARY.md","DOCUMENTATION_HISTORICAL","KEEP_HISTORICAL","MEDIUM","false","CHARROPRO-FMCH-2026-JINETEOS-DYNAMIC-IMPLEMENTATION-001/FILES_CHANGED.md (DOCUMENTATION_ONLY_REFERENCE)"
"CHARROPRO-FMCH-2026-JINETEOS-DYNAMIC-IMPLEMENTATION-001/TEST_EVIDENCE.md","DOCUMENTATION_HISTORICAL","KEEP_HISTORICAL","MEDIUM","false","CHARROPRO-FMCH-2026-JINETEOS-DYNAMIC-IMPLEMENTATION-001/FILES_CHANGED.md (DOCUMENTATION_ONLY_REFERENCE)"
"CHARROPRO-FMCH-2026-JINETEOS-DYNAMIC-IMPLEMENTATION-001/evidence/toro-ipad-landscape.jpg","FIXTURE","KEEP_CERTIFICATION_EVIDENCE","MEDIUM","false","no parsed consumer; path/role classification requires review"
"CHARROPRO-FMCH-2026-JINETEOS-DYNAMIC-IMPLEMENTATION-001/evidence/toro-ipad-portrait.jpg","FIXTURE","KEEP_CERTIFICATION_EVIDENCE","MEDIUM","false","no parsed consumer; path/role classification requires review"
"CHARROPRO-FMCH-2026-JINETEOS-DYNAMIC-IMPLEMENTATION-001/evidence/yegua-ipad-landscape.jpg","FIXTURE","KEEP_CERTIFICATION_EVIDENCE","MEDIUM","false","no parsed consumer; path/role classification requires review"
"CHARROPRO-FMCH-2026-JINETEOS-DYNAMIC-IMPLEMENTATION-001/evidence/yegua-ipad-portrait.jpg","FIXTURE","KEEP_CERTIFICATION_EVIDENCE","MEDIUM","false","no parsed consumer; path/role classification requires review"
"CHARROPRO-FMCH-2026-MANGANAS-PASO-IMPLEMENTATION-001/FILES_CHANGED.md","DOCUMENTATION_HISTORICAL","KEEP_HISTORICAL","MEDIUM","false","no parsed consumer; path/role classification requires review"
"CHARROPRO-FMCH-2026-MANGANAS-PASO-IMPLEMENTATION-001/FLOREO_AND_TIMING_CONTRACT.md","DOCUMENTATION_HISTORICAL","KEEP_HISTORICAL","MEDIUM","false","CHARROPRO-FMCH-2026-MANGANAS-PASO-IMPLEMENTATION-001/FILES_CHANGED.md (DOCUMENTATION_ONLY_REFERENCE)"
"CHARROPRO-FMCH-2026-MANGANAS-PASO-IMPLEMENTATION-001/IMPLEMENTATION_SUMMARY.md","DOCUMENTATION_HISTORICAL","KEEP_HISTORICAL","MEDIUM","false","CHARROPRO-FMCH-2026-MANGANAS-PASO-IMPLEMENTATION-001/FILES_CHANGED.md (DOCUMENTATION_ONLY_REFERENCE)"
"CHARROPRO-FMCH-2026-MANGANAS-PASO-IMPLEMENTATION-001/RULE_RECONCILIATION_AND_BLOCKERS.md","DOCUMENTATION_HISTORICAL","KEEP_HISTORICAL","MEDIUM","false","CHARROPRO-FMCH-2026-MANGANAS-PASO-IMPLEMENTATION-001/FILES_CHANGED.md (DOCUMENTATION_ONLY_REFERENCE)"
"CHARROPRO-FMCH-2026-MANGANAS-PASO-IMPLEMENTATION-001/TEST_EVIDENCE.md","DOCUMENTATION_HISTORICAL","KEEP_HISTORICAL","MEDIUM","false","CHARROPRO-FMCH-2026-MANGANAS-PASO-IMPLEMENTATION-001/FILES_CHANGED.md (DOCUMENTATION_ONLY_REFERENCE)"
"CHARROPRO-FMCH-2026-PIALES-COLEADERO-IMPLEMENTATION-001/FIELDID_AND_BLOCKERS.md","DOCUMENTATION_HISTORICAL","KEEP_HISTORICAL","MEDIUM","false","CHARROPRO-FMCH-2026-PIALES-COLEADERO-IMPLEMENTATION-001/FILES_CHANGED.md (DOCUMENTATION_ONLY_REFERENCE)"
"CHARROPRO-FMCH-2026-PIALES-COLEADERO-IMPLEMENTATION-001/FILES_CHANGED.md","DOCUMENTATION_HISTORICAL","KEEP_HISTORICAL","MEDIUM","false","no parsed consumer; path/role classification requires review"
"CHARROPRO-FMCH-2026-PIALES-COLEADERO-IMPLEMENTATION-001/IMPLEMENTATION_SUMMARY.md","DOCUMENTATION_HISTORICAL","KEEP_HISTORICAL","MEDIUM","false","CHARROPRO-FMCH-2026-PIALES-COLEADERO-IMPLEMENTATION-001/FILES_CHANGED.md (DOCUMENTATION_ONLY_REFERENCE)"
"CHARROPRO-FMCH-2026-PIALES-COLEADERO-IMPLEMENTATION-001/RULE_RECONCILIATION.md","DOCUMENTATION_HISTORICAL","KEEP_HISTORICAL","MEDIUM","false","CHARROPRO-FMCH-2026-PIALES-COLEADERO-IMPLEMENTATION-001/FILES_CHANGED.md (DOCUMENTATION_ONLY_REFERENCE)"
"CHARROPRO-FMCH-2026-PIALES-COLEADERO-IMPLEMENTATION-001/TEST_EVIDENCE.md","DOCUMENTATION_HISTORICAL","KEEP_HISTORICAL","MEDIUM","false","CHARROPRO-FMCH-2026-PIALES-COLEADERO-IMPLEMENTATION-001/FILES_CHANGED.md (DOCUMENTATION_ONLY_REFERENCE)"
"CHARROPRO-FMCH-2026-PIALES-COLEADERO-IMPLEMENTATION-001/evidence/ipad-landscape-coleadero.jpg","FIXTURE","KEEP_CERTIFICATION_EVIDENCE","MEDIUM","false","CHARROPRO-FMCH-2026-PIALES-COLEADERO-IMPLEMENTATION-001/FILES_CHANGED.md (DOCUMENTATION_ONLY_REFERENCE)"
"CHARROPRO-FMCH-2026-PIALES-COLEADERO-IMPLEMENTATION-001/evidence/ipad-landscape-piales.jpg","FIXTURE","KEEP_CERTIFICATION_EVIDENCE","MEDIUM","false","CHARROPRO-FMCH-2026-PIALES-COLEADERO-IMPLEMENTATION-001/FILES_CHANGED.md (DOCUMENTATION_ONLY_REFERENCE)"
"CHARROPRO-FMCH-2026-PIALES-COLEADERO-IMPLEMENTATION-001/evidence/ipad-portrait-coleadero.jpg","FIXTURE","KEEP_CERTIFICATION_EVIDENCE","MEDIUM","false","CHARROPRO-FMCH-2026-PIALES-COLEADERO-IMPLEMENTATION-001/FILES_CHANGED.md (DOCUMENTATION_ONLY_REFERENCE)"
"CHARROPRO-FMCH-2026-PIALES-COLEADERO-IMPLEMENTATION-001/evidence/ipad-portrait-piales.jpg","FIXTURE","KEEP_CERTIFICATION_EVIDENCE","MEDIUM","false","CHARROPRO-FMCH-2026-PIALES-COLEADERO-IMPLEMENTATION-001/FILES_CHANGED.md (DOCUMENTATION_ONLY_REFERENCE)"
"CHARROPRO-FMCH-2026-RULE-PROFILE-SPORTING-BLOCKERS-CERTIFICATION-001/AUDIT_SUMMARY.md","DOCUMENTATION_HISTORICAL","KEEP_HISTORICAL","MEDIUM","false","CHARROPRO-FMCH-2026-RULE-PROFILE-SPORTING-BLOCKERS-RESOLUTION-002/FILES_CHANGED.md (DOCUMENTATION_ONLY_REFERENCE)"
"CHARROPRO-FMCH-2026-RULE-PROFILE-SPORTING-BLOCKERS-CERTIFICATION-001/CERTIFICATION_RECORD.json","PRODUCTIVE_DATA","KEEP_PRODUCTIVE","MEDIUM","false","tests/fmch-2026-rule-profile-certification.test.mjs (TEST_ONLY_REFERENCE), tests/rule-profile-lifecycle-authority.test.mjs (TEST_ONLY_REFERENCE), CHARROPRO-FMCH-2026-RULE-PROFILE-SPORTING-BLOCKERS-RESOLUTION-002/FILES_CHANGED.md (DOCUMENTATION_ONLY_REFERENCE), tests/fmch-2026-rule-profile-certification.test.mjs (CONFIG_REFERENCE), tests/rule-profile-lifecycle-authority.test.mjs (CONFIG_REFERENCE)"
"CHARROPRO-FMCH-2026-RULE-PROFILE-SPORTING-BLOCKERS-CERTIFICATION-001/CERTIFICATION_RECORD.md","DOCUMENTATION_HISTORICAL","KEEP_HISTORICAL","MEDIUM","false","CHARROPRO-FMCH-2026-RULE-PROFILE-SPORTING-BLOCKERS-RESOLUTION-002/FILES_CHANGED.md (DOCUMENTATION_ONLY_REFERENCE)"
"CHARROPRO-FMCH-2026-RULE-PROFILE-SPORTING-BLOCKERS-CERTIFICATION-001/EVIDENCE_MATRIX.md","DOCUMENTATION_HISTORICAL","KEEP_HISTORICAL","MEDIUM","false","CHARROPRO-FMCH-2026-RULE-PROFILE-SPORTING-BLOCKERS-RESOLUTION-002/FILES_CHANGED.md (DOCUMENTATION_ONLY_REFERENCE)"
"CHARROPRO-FMCH-2026-RULE-PROFILE-SPORTING-BLOCKERS-CERTIFICATION-001/FILES_CHANGED.md","DOCUMENTATION_HISTORICAL","KEEP_HISTORICAL","MEDIUM","false","no parsed consumer; path/role classification requires review"
"CHARROPRO-FMCH-2026-RULE-PROFILE-SPORTING-BLOCKERS-CERTIFICATION-001/TEST_RESULTS.md","DOCUMENTATION_HISTORICAL","KEEP_HISTORICAL","MEDIUM","false","no parsed consumer; path/role classification requires review"
"CHARROPRO-FMCH-2026-RULE-PROFILE-SPORTING-BLOCKERS-RESOLUTION-002/FILES_CHANGED.md","DOCUMENTATION_HISTORICAL","KEEP_HISTORICAL","MEDIUM","false","no parsed consumer; path/role classification requires review"
"CHARROPRO-FMCH-2026-RULE-PROFILE-SPORTING-BLOCKERS-RESOLUTION-002/OFFICIAL_SOURCE_REVIEW.md","DOCUMENTATION_HISTORICAL","KEEP_HISTORICAL","MEDIUM","false","CHARROPRO-FMCH-2026-RULE-PROFILE-SPORTING-BLOCKERS-RESOLUTION-002/FILES_CHANGED.md (DOCUMENTATION_ONLY_REFERENCE)"
"CHARROPRO-FMCH-2026-RULE-PROFILE-SPORTING-BLOCKERS-RESOLUTION-002/SPORTING_VALUES_COMPARISON.md","DOCUMENTATION_HISTORICAL","KEEP_HISTORICAL","MEDIUM","false","CHARROPRO-FMCH-2026-RULE-PROFILE-SPORTING-BLOCKERS-RESOLUTION-002/FILES_CHANGED.md (DOCUMENTATION_ONLY_REFERENCE)"
"CHARROPRO-FMCH-2026-RULE-PROFILE-SPORTING-BLOCKERS-RESOLUTION-002/TEST_RESULTS.md","DOCUMENTATION_HISTORICAL","KEEP_HISTORICAL","MEDIUM","false","CHARROPRO-FMCH-2026-RULE-PROFILE-SPORTING-BLOCKERS-RESOLUTION-002/FILES_CHANGED.md (DOCUMENTATION_ONLY_REFERENCE)"
"CHARROPRO-FMCH-2026-SCORING-SPECIFICATION-001/FILES_CHANGED.md","DOCUMENTATION_HISTORICAL","KEEP_HISTORICAL","MEDIUM","false","no parsed consumer; path/role classification requires review"
"CHARROPRO-FMCH-2026-SCORING-SPECIFICATION-001/FMCH_2026_DYNAMIC_SCORING_TABLES.md","DOCUMENTATION_HISTORICAL","KEEP_HISTORICAL","MEDIUM","false","no parsed consumer; path/role classification requires review"
"CHARROPRO-FMCH-2026-SCORING-SPECIFICATION-001/FMCH_2026_FIELDID_IMPACT.md","DOCUMENTATION_HISTORICAL","KEEP_HISTORICAL","MEDIUM","false","no parsed consumer; path/role classification requires review"
"CHARROPRO-FMCH-2026-SCORING-SPECIFICATION-001/FMCH_2026_FUTURE_RULE_PROFILES.md","DOCUMENTATION_HISTORICAL","KEEP_HISTORICAL","MEDIUM","false","no parsed consumer; path/role classification requires review"
"CHARROPRO-FMCH-2026-SCORING-SPECIFICATION-001/FMCH_2026_RULE_MATRIX.md","DOCUMENTATION_HISTORICAL","KEEP_HISTORICAL","MEDIUM","false","no parsed consumer; path/role classification requires review"
"CHARROPRO-FMCH-2026-SCORING-SPECIFICATION-001/FMCH_2026_SCORING_SPECIFICATION.md","DOCUMENTATION_HISTORICAL","KEEP_HISTORICAL","MEDIUM","false","no parsed consumer; path/role classification requires review"
"CHARROPRO-FMCH-2026-SCORING-SPECIFICATION-001/FMCH_2026_TIMERS_AND_OPPORTUNITIES.md","DOCUMENTATION_HISTORICAL","KEEP_HISTORICAL","MEDIUM","false","no parsed consumer; path/role classification requires review"
"CHARROPRO-FMCH-2026-SCORING-SPECIFICATION-001/FMCH_2026_UNRESOLVED_SOURCE_ITEMS.md","DOCUMENTATION_HISTORICAL","KEEP_HISTORICAL","MEDIUM","false","no parsed consumer; path/role classification requires review"
"CHARROPRO-FMCH-2026-TERNA-COMPLETE-IMPLEMENTATION-001/FILES_CHANGED.md","DOCUMENTATION_HISTORICAL","KEEP_HISTORICAL","MEDIUM","false","no parsed consumer; path/role classification requires review"
"CHARROPRO-FMCH-2026-TERNA-COMPLETE-IMPLEMENTATION-001/IMPLEMENTATION_SUMMARY.md","DOCUMENTATION_HISTORICAL","KEEP_HISTORICAL","MEDIUM","false","no parsed consumer; path/role classification requires review"
"CHARROPRO-FMCH-2026-TERNA-COMPLETE-IMPLEMENTATION-001/RULE_RECONCILIATION_AND_BLOCKERS.md","DOCUMENTATION_HISTORICAL","KEEP_HISTORICAL","MEDIUM","false","no parsed consumer; path/role classification requires review"
"CHARROPRO-FMCH-2026-TERNA-COMPLETE-IMPLEMENTATION-001/TERNA_SHARED_STATE_CONTRACT.md","DOCUMENTATION_HISTORICAL","KEEP_HISTORICAL","MEDIUM","false","no parsed consumer; path/role classification requires review"
"CHARROPRO-FMCH-2026-TERNA-COMPLETE-IMPLEMENTATION-001/TEST_EVIDENCE.md","DOCUMENTATION_HISTORICAL","KEEP_HISTORICAL","MEDIUM","false","no parsed consumer; path/role classification requires review"
"CHARROPRO-FMCH-2026-TERNA-COMPLETE-IMPLEMENTATION-001/evidence/cabecero-ipad-landscape.jpg","FIXTURE","KEEP_CERTIFICATION_EVIDENCE","MEDIUM","false","no parsed consumer; path/role classification requires review"
"CHARROPRO-FMCH-2026-TERNA-COMPLETE-IMPLEMENTATION-001/evidence/pial-ipad-landscape.jpg","FIXTURE","KEEP_CERTIFICATION_EVIDENCE","MEDIUM","false","no parsed consumer; path/role classification requires review"
"CHARROPRO-FMCH-2026-TERNA-COMPLETE-IMPLEMENTATION-001/evidence/terna-ipad-portrait.jpg","FIXTURE","KEEP_CERTIFICATION_EVIDENCE","MEDIUM","false","no parsed consumer; path/role classification requires review"
"CHARROPRO-FMCH-2026-TERNA-COMPLETE-IMPLEMENTATION-001/evidence/terna-paused-visible.jpg","FIXTURE","KEEP_CERTIFICATION_EVIDENCE","MEDIUM","false","no parsed consumer; path/role classification requires review"
"CHARROPRO-FMCH-CURRENT-SCORER-FUNCTIONAL-AUDIT-001/CALA_FUNCTIONAL_AUDIT.md","DOCUMENTATION_HISTORICAL","KEEP_HISTORICAL","MEDIUM","false","no parsed consumer; path/role classification requires review"
"CHARROPRO-FMCH-CURRENT-SCORER-FUNCTIONAL-AUDIT-001/COLEADERO_FUNCTIONAL_AUDIT.md","DOCUMENTATION_HISTORICAL","KEEP_HISTORICAL","MEDIUM","false","no parsed consumer; path/role classification requires review"
"CHARROPRO-FMCH-CURRENT-SCORER-FUNCTIONAL-AUDIT-001/CURRENT_REAL_GAPS.md","DOCUMENTATION_HISTORICAL","KEEP_HISTORICAL","MEDIUM","false","CHARROPRO-SCORER-2026-BASELINE-AND-PRESERVATION-001/FILES_CHANGED.md (DOCUMENTATION_ONLY_REFERENCE), CHARROPRO-SCORER-2026-BASELINE-AND-PRESERVATION-001/SCORER_2026_FREEZE_LIST.md (DOCUMENTATION_ONLY_REFERENCE)"
"CHARROPRO-FMCH-CURRENT-SCORER-FUNCTIONAL-AUDIT-001/FILES_CHANGED.md","DOCUMENTATION_HISTORICAL","KEEP_HISTORICAL","MEDIUM","false","no parsed consumer; path/role classification requires review"
"CHARROPRO-FMCH-CURRENT-SCORER-FUNCTIONAL-AUDIT-001/FMCH_FIELD_LAYER_MATRIX.json","PRODUCTIVE_DATA","KEEP_PRODUCTIVE","MEDIUM","false","CHARROPRO-FMCH-2026-SCORING-SPECIFICATION-001/FMCH_2026_FIELDID_IMPACT.md (DOCUMENTATION_ONLY_REFERENCE), CHARROPRO-SCORER-2026-BASELINE-AND-PRESERVATION-001/CURRENT_SCORER_COMPONENT_MAP.md (DOCUMENTATION_ONLY_REFERENCE)"
"CHARROPRO-FMCH-CURRENT-SCORER-FUNCTIONAL-AUDIT-001/FMCH_FIELD_LAYER_MATRIX.md","DOCUMENTATION_HISTORICAL","KEEP_HISTORICAL","MEDIUM","false","no parsed consumer; path/role classification requires review"
"CHARROPRO-FMCH-CURRENT-SCORER-FUNCTIONAL-AUDIT-001/FUNCTIONAL_TEST_RESULTS.md","DOCUMENTATION_HISTORICAL","KEEP_HISTORICAL","MEDIUM","false","no parsed consumer; path/role classification requires review"
"CHARROPRO-FMCH-CURRENT-SCORER-FUNCTIONAL-AUDIT-001/JINETEO_TORO_FUNCTIONAL_AUDIT.md","DOCUMENTATION_HISTORICAL","KEEP_HISTORICAL","MEDIUM","false","no parsed consumer; path/role classification requires review"
"CHARROPRO-FMCH-CURRENT-SCORER-FUNCTIONAL-AUDIT-001/JINETEO_YEGUA_FUNCTIONAL_AUDIT.md","DOCUMENTATION_HISTORICAL","KEEP_HISTORICAL","MEDIUM","false","no parsed consumer; path/role classification requires review"
"CHARROPRO-FMCH-CURRENT-SCORER-FUNCTIONAL-AUDIT-001/MANGANAS_CABALLO_FUNCTIONAL_AUDIT.md","DOCUMENTATION_HISTORICAL","KEEP_HISTORICAL","MEDIUM","false","no parsed consumer; path/role classification requires review"
"CHARROPRO-FMCH-CURRENT-SCORER-FUNCTIONAL-AUDIT-001/MANGANAS_PIE_FUNCTIONAL_AUDIT.md","DOCUMENTATION_HISTORICAL","KEEP_HISTORICAL","MEDIUM","false","no parsed consumer; path/role classification requires review"
"CHARROPRO-FMCH-CURRENT-SCORER-FUNCTIONAL-AUDIT-001/OFFICIAL_SCORE_FLOW.md","DOCUMENTATION_HISTORICAL","KEEP_HISTORICAL","MEDIUM","false","no parsed consumer; path/role classification requires review"
"CHARROPRO-FMCH-CURRENT-SCORER-FUNCTIONAL-AUDIT-001/PASO_FUNCTIONAL_AUDIT.md","DOCUMENTATION_HISTORICAL","KEEP_HISTORICAL","MEDIUM","false","no parsed consumer; path/role classification requires review"
"CHARROPRO-FMCH-CURRENT-SCORER-FUNCTIONAL-AUDIT-001/PIALES_FUNCTIONAL_AUDIT.md","DOCUMENTATION_HISTORICAL","KEEP_HISTORICAL","MEDIUM","false","no parsed consumer; path/role classification requires review"
"CHARROPRO-FMCH-CURRENT-SCORER-FUNCTIONAL-AUDIT-001/PREVIOUS_DIAGNOSIS_RECONCILIATION.md","DOCUMENTATION_HISTORICAL","KEEP_HISTORICAL","MEDIUM","false","no parsed consumer; path/role classification requires review"
"CHARROPRO-FMCH-CURRENT-SCORER-FUNCTIONAL-AUDIT-001/REMEDIATION_RECOMMENDATIONS.md","DOCUMENTATION_HISTORICAL","KEEP_HISTORICAL","MEDIUM","false","no parsed consumer; path/role classification requires review"
"CHARROPRO-FMCH-CURRENT-SCORER-FUNCTIONAL-AUDIT-001/RISKS.md","DOCUMENTATION_HISTORICAL","KEEP_HISTORICAL","MEDIUM","false","no parsed consumer; path/role classification requires review"
"CHARROPRO-FMCH-CURRENT-SCORER-FUNCTIONAL-AUDIT-001/SCORER_ENTRYPOINTS.md","DOCUMENTATION_HISTORICAL","KEEP_HISTORICAL","MEDIUM","false","no parsed consumer; path/role classification requires review"
"CHARROPRO-FMCH-CURRENT-SCORER-FUNCTIONAL-AUDIT-001/SCREENSHOT_INDEX.md","DOCUMENTATION_HISTORICAL","KEEP_HISTORICAL","MEDIUM","false","no parsed consumer; path/role classification requires review"
"CHARROPRO-FMCH-CURRENT-SCORER-FUNCTIONAL-AUDIT-001/SCREENS_AND_COMPONENTS.md","DOCUMENTATION_HISTORICAL","KEEP_HISTORICAL","MEDIUM","false","no parsed consumer; path/role classification requires review"
"CHARROPRO-FMCH-CURRENT-SCORER-FUNCTIONAL-AUDIT-001/SUMMARY.md","DOCUMENTATION_HISTORICAL","KEEP_HISTORICAL","MEDIUM","false","no parsed consumer; path/role classification requires review"
"CHARROPRO-FMCH-CURRENT-SCORER-FUNCTIONAL-AUDIT-001/TERNA_FUNCTIONAL_AUDIT.md","DOCUMENTATION_HISTORICAL","KEEP_HISTORICAL","MEDIUM","false","no parsed consumer; path/role classification requires review"
"CHARROPRO-FMCH-CURRENT-SCORER-FUNCTIONAL-AUDIT-001/UI_TO_DATA_TRACEABILITY.json","PRODUCTIVE_DATA","KEEP_PRODUCTIVE","MEDIUM","false","CHARROPRO-FMCH-2026-SCORING-SPECIFICATION-001/FMCH_2026_FIELDID_IMPACT.md (DOCUMENTATION_ONLY_REFERENCE), CHARROPRO-SCORER-2026-BASELINE-AND-PRESERVATION-001/CURRENT_SCORER_COMPONENT_MAP.md (DOCUMENTATION_ONLY_REFERENCE)"
"CHARROPRO-FMCH-CURRENT-SCORER-FUNCTIONAL-AUDIT-001/UI_TO_DATA_TRACEABILITY.md","DOCUMENTATION_HISTORICAL","KEEP_HISTORICAL","MEDIUM","false","no parsed consumer; path/role classification requires review"
"CHARROPRO-FMCH-CURRENT-SCORER-FUNCTIONAL-AUDIT-001/VALIDATION.md","DOCUMENTATION_HISTORICAL","KEEP_HISTORICAL","MEDIUM","false","no parsed consumer; path/role classification requires review"
"CHARROPRO-FMCH-JUDGE-VALIDATION-QUESTIONNAIRE-HTML-001/ACCESSIBILITY.md","DOCUMENTATION_HISTORICAL","KEEP_HISTORICAL","MEDIUM","false","no parsed consumer; path/role classification requires review"
"CHARROPRO-FMCH-JUDGE-VALIDATION-QUESTIONNAIRE-HTML-001/DATA_MODEL.md","DOCUMENTATION_HISTORICAL","KEEP_HISTORICAL","MEDIUM","false","no parsed consumer; path/role classification requires review"
"CHARROPRO-FMCH-JUDGE-VALIDATION-QUESTIONNAIRE-HTML-001/EXPORT_FORMATS.md","DOCUMENTATION_HISTORICAL","KEEP_HISTORICAL","MEDIUM","false","no parsed consumer; path/role classification requires review"
"CHARROPRO-FMCH-JUDGE-VALIDATION-QUESTIONNAIRE-HTML-001/FILES_CHANGED.md","DOCUMENTATION_HISTORICAL","KEEP_HISTORICAL","MEDIUM","false","no parsed consumer; path/role classification requires review"
"CHARROPRO-FMCH-JUDGE-VALIDATION-QUESTIONNAIRE-HTML-001/INTERVIEWER_GUIDE.md","DOCUMENTATION_HISTORICAL","KEEP_HISTORICAL","MEDIUM","false","no parsed consumer; path/role classification requires review"
"CHARROPRO-FMCH-JUDGE-VALIDATION-QUESTIONNAIRE-HTML-001/OPERATION_GUIDE.md","DOCUMENTATION_HISTORICAL","KEEP_HISTORICAL","MEDIUM","false","no parsed consumer; path/role classification requires review"
"CHARROPRO-FMCH-JUDGE-VALIDATION-QUESTIONNAIRE-HTML-001/QUESTIONNAIRE_CONTENT.md","DOCUMENTATION_HISTORICAL","KEEP_HISTORICAL","MEDIUM","false","no parsed consumer; path/role classification requires review"
"CHARROPRO-FMCH-JUDGE-VALIDATION-QUESTIONNAIRE-HTML-001/REQUIREMENTS.md","DOCUMENTATION_HISTORICAL","KEEP_HISTORICAL","MEDIUM","false","no parsed consumer; path/role classification requires review"
"CHARROPRO-FMCH-JUDGE-VALIDATION-QUESTIONNAIRE-HTML-001/RISKS.md","DOCUMENTATION_HISTORICAL","KEEP_HISTORICAL","MEDIUM","false","no parsed consumer; path/role classification requires review"
"CHARROPRO-FMCH-JUDGE-VALIDATION-QUESTIONNAIRE-HTML-001/ROLLBACK.md","DOCUMENTATION_HISTORICAL","KEEP_HISTORICAL","MEDIUM","false","no parsed consumer; path/role classification requires review"
"CHARROPRO-FMCH-JUDGE-VALIDATION-QUESTIONNAIRE-HTML-001/SECURITY.md","DOCUMENTATION_HISTORICAL","KEEP_HISTORICAL","MEDIUM","false","no parsed consumer; path/role classification requires review"
"CHARROPRO-FMCH-JUDGE-VALIDATION-QUESTIONNAIRE-HTML-001/SUMMARY.md","DOCUMENTATION_HISTORICAL","KEEP_HISTORICAL","MEDIUM","false","no parsed consumer; path/role classification requires review"
"CHARROPRO-FMCH-JUDGE-VALIDATION-QUESTIONNAIRE-HTML-001/TEST_RESULTS.md","DOCUMENTATION_HISTORICAL","KEEP_HISTORICAL","MEDIUM","false","no parsed consumer; path/role classification requires review"
"CHARROPRO-FMCH-JUDGE-VALIDATION-QUESTIONNAIRE-HTML-001/USER_FLOW.md","DOCUMENTATION_HISTORICAL","KEEP_HISTORICAL","MEDIUM","false","no parsed consumer; path/role classification requires review"
"CHARROPRO-FMCH-JUDGE-VALIDATION-QUESTIONNAIRE-HTML-001/VALIDATION.md","DOCUMENTATION_HISTORICAL","KEEP_HISTORICAL","MEDIUM","false","no parsed consumer; path/role classification requires review"
"CHARROPRO-FMCH-OFFICIAL-DOCUMENT-DATA-MAPPING-001/COMPLIANCE_METRICS.json","PRODUCTIVE_DATA","KEEP_PRODUCTIVE","MEDIUM","false","no parsed consumer; path/role classification requires review"
"CHARROPRO-FMCH-OFFICIAL-DOCUMENT-DATA-MAPPING-001/CURRENT_EXPORTERS_ANALYSIS.md","DOCUMENTATION_HISTORICAL","KEEP_HISTORICAL","MEDIUM","false","no parsed consumer; path/role classification requires review"
"CHARROPRO-FMCH-OFFICIAL-DOCUMENT-DATA-MAPPING-001/CURRENT_MODULES_INVENTORY.md","DOCUMENTATION_HISTORICAL","KEEP_HISTORICAL","MEDIUM","false","no parsed consumer; path/role classification requires review"
"CHARROPRO-FMCH-OFFICIAL-DOCUMENT-DATA-MAPPING-001/DATA_AUTHORITY_ANALYSIS.md","DOCUMENTATION_HISTORICAL","KEEP_HISTORICAL","MEDIUM","false","no parsed consumer; path/role classification requires review"
"CHARROPRO-FMCH-OFFICIAL-DOCUMENT-DATA-MAPPING-001/DERIVED_TICKETS.md","DOCUMENTATION_HISTORICAL","KEEP_HISTORICAL","MEDIUM","false","no parsed consumer; path/role classification requires review"
"CHARROPRO-FMCH-OFFICIAL-DOCUMENT-DATA-MAPPING-001/FIELD_MAPPING.json","PRODUCTIVE_DATA","KEEP_PRODUCTIVE","MEDIUM","false","tests/official-format-authoritative-snapshot.test.mjs (TEST_ONLY_REFERENCE), CHARROPRO-FMCH-OFFICIAL-FORMAT-CERTIFICATION-STATE-RECONCILIATION-001/FIELD_RECONCILIATION.json (CONFIG_REFERENCE), tests/official-format-authoritative-snapshot.test.mjs (CONFIG_REFERENCE), tests/official-format-semantic-field-certification.test.mjs (CONFIG_REFERENCE)"
"CHARROPRO-FMCH-OFFICIAL-DOCUMENT-DATA-MAPPING-001/FIELD_MAPPING.md","DOCUMENTATION_HISTORICAL","KEEP_HISTORICAL","MEDIUM","false","no parsed consumer; path/role classification requires review"
"CHARROPRO-FMCH-OFFICIAL-DOCUMENT-DATA-MAPPING-001/FILES_CHANGED.md","DOCUMENTATION_HISTORICAL","KEEP_HISTORICAL","MEDIUM","false","no parsed consumer; path/role classification requires review"
"CHARROPRO-FMCH-OFFICIAL-DOCUMENT-DATA-MAPPING-001/GAP_MATRIX.json","PRODUCTIVE_DATA","KEEP_PRODUCTIVE","MEDIUM","false","no parsed consumer; path/role classification requires review"
"CHARROPRO-FMCH-OFFICIAL-DOCUMENT-DATA-MAPPING-001/GAP_MATRIX.md","DOCUMENTATION_HISTORICAL","KEEP_HISTORICAL","MEDIUM","false","no parsed consumer; path/role classification requires review"
"CHARROPRO-FMCH-OFFICIAL-DOCUMENT-DATA-MAPPING-001/MOTOR_SPORTS_ANALYSIS.md","DOCUMENTATION_HISTORICAL","KEEP_HISTORICAL","MEDIUM","false","no parsed consumer; path/role classification requires review"
"CHARROPRO-FMCH-OFFICIAL-DOCUMENT-DATA-MAPPING-001/REMEDIATION_PLAN.md","DOCUMENTATION_HISTORICAL","KEEP_HISTORICAL","MEDIUM","false","no parsed consumer; path/role classification requires review"
"CHARROPRO-FMCH-OFFICIAL-DOCUMENT-DATA-MAPPING-001/REPOSITORY_DATA_SOURCES.md","DOCUMENTATION_HISTORICAL","KEEP_HISTORICAL","MEDIUM","false","no parsed consumer; path/role classification requires review"
"CHARROPRO-FMCH-OFFICIAL-DOCUMENT-DATA-MAPPING-001/RISKS.md","DOCUMENTATION_HISTORICAL","KEEP_HISTORICAL","MEDIUM","false","no parsed consumer; path/role classification requires review"
"CHARROPRO-FMCH-OFFICIAL-DOCUMENT-DATA-MAPPING-001/SECTION_COMPLIANCE.md","DOCUMENTATION_HISTORICAL","KEEP_HISTORICAL","MEDIUM","false","no parsed consumer; path/role classification requires review"
"CHARROPRO-FMCH-OFFICIAL-DOCUMENT-DATA-MAPPING-001/SOURCE_BASELINE.md","DOCUMENTATION_HISTORICAL","KEEP_HISTORICAL","MEDIUM","false","no parsed consumer; path/role classification requires review"
"CHARROPRO-FMCH-OFFICIAL-DOCUMENT-DATA-MAPPING-001/SPORTS_VALIDATION_LINKS.md","DOCUMENTATION_HISTORICAL","KEEP_HISTORICAL","MEDIUM","false","no parsed consumer; path/role classification requires review"
"CHARROPRO-FMCH-OFFICIAL-DOCUMENT-DATA-MAPPING-001/SUMMARY.md","DOCUMENTATION_HISTORICAL","KEEP_HISTORICAL","MEDIUM","false","no parsed consumer; path/role classification requires review"
"CHARROPRO-FMCH-OFFICIAL-DOCUMENT-DATA-MAPPING-001/VALIDATION.md","DOCUMENTATION_HISTORICAL","KEEP_HISTORICAL","MEDIUM","false","no parsed consumer; path/role classification requires review"
"CHARROPRO-FMCH-OFFICIAL-DOCUMENT-SPECIFICATION-001/ABBREVIATIONS_AND_AMBIGUITIES.md","DOCUMENTATION_HISTORICAL","KEEP_HISTORICAL","MEDIUM","false","no parsed consumer; path/role classification requires review"
"CHARROPRO-FMCH-OFFICIAL-DOCUMENT-SPECIFICATION-001/CURRENT_REPOSITORY_REFERENCES.md","DOCUMENTATION_HISTORICAL","KEEP_HISTORICAL","MEDIUM","false","no parsed consumer; path/role classification requires review"
"CHARROPRO-FMCH-OFFICIAL-DOCUMENT-SPECIFICATION-001/DEPENDENCIES.md","DOCUMENTATION_HISTORICAL","KEEP_HISTORICAL","MEDIUM","false","no parsed consumer; path/role classification requires review"
"CHARROPRO-FMCH-OFFICIAL-DOCUMENT-SPECIFICATION-001/DOCUMENT_HIERARCHY.md","DOCUMENTATION_HISTORICAL","KEEP_HISTORICAL","MEDIUM","false","no parsed consumer; path/role classification requires review"
"CHARROPRO-FMCH-OFFICIAL-DOCUMENT-SPECIFICATION-001/FIELD_COUNTS.json","PRODUCTIVE_DATA","KEEP_PRODUCTIVE","MEDIUM","false","no parsed consumer; path/role classification requires review"
"CHARROPRO-FMCH-OFFICIAL-DOCUMENT-SPECIFICATION-001/FIELD_DICTIONARY.json","PRODUCTIVE_DATA","KEEP_PRODUCTIVE","MEDIUM","false","CHARROPRO-FMCH-2026-SCORING-SPECIFICATION-001/FMCH_2026_FIELDID_IMPACT.md (DOCUMENTATION_ONLY_REFERENCE), CHARROPRO-FMCH-OFFICIAL-DOCUMENT-DATA-MAPPING-001/FIELD_MAPPING.json (CONFIG_REFERENCE), CHARROPRO-FMCH-OFFICIAL-DOCUMENT-DATA-MAPPING-001/SOURCE_BASELINE.md (DOCUMENTATION_ONLY_REFERENCE), tests/official-format-semantic-field-certification.test.mjs (CONFIG_REFERENCE)"
"CHARROPRO-FMCH-OFFICIAL-DOCUMENT-SPECIFICATION-001/FIELD_DICTIONARY.md","DOCUMENTATION_HISTORICAL","KEEP_HISTORICAL","MEDIUM","false","no parsed consumer; path/role classification requires review"
"CHARROPRO-FMCH-OFFICIAL-DOCUMENT-SPECIFICATION-001/FILES_CHANGED.md","DOCUMENTATION_HISTORICAL","KEEP_HISTORICAL","MEDIUM","false","no parsed consumer; path/role classification requires review"
"CHARROPRO-FMCH-OFFICIAL-DOCUMENT-SPECIFICATION-001/RISKS.md","DOCUMENTATION_HISTORICAL","KEEP_HISTORICAL","MEDIUM","false","no parsed consumer; path/role classification requires review"
"CHARROPRO-FMCH-OFFICIAL-DOCUMENT-SPECIFICATION-001/SECTION_INVENTORY.md","DOCUMENTATION_HISTORICAL","KEEP_HISTORICAL","MEDIUM","false","no parsed consumer; path/role classification requires review"
"CHARROPRO-FMCH-OFFICIAL-DOCUMENT-SPECIFICATION-001/SOURCE_DOCUMENT.md","DOCUMENTATION_HISTORICAL","KEEP_HISTORICAL","MEDIUM","false","no parsed consumer; path/role classification requires review"
"CHARROPRO-FMCH-OFFICIAL-DOCUMENT-SPECIFICATION-001/SPORTS_VALIDATION_QUESTIONS.md","DOCUMENTATION_HISTORICAL","KEEP_HISTORICAL","MEDIUM","false","CHARROPRO-FMCH-OFFICIAL-DOCUMENT-DATA-MAPPING-001/FIELD_MAPPING.json (CONFIG_REFERENCE)"
"CHARROPRO-FMCH-OFFICIAL-DOCUMENT-SPECIFICATION-001/SUMMARY.md","DOCUMENTATION_HISTORICAL","KEEP_HISTORICAL","MEDIUM","false","no parsed consumer; path/role classification requires review"
"CHARROPRO-FMCH-OFFICIAL-DOCUMENT-SPECIFICATION-001/VALIDATION.md","DOCUMENTATION_HISTORICAL","KEEP_HISTORICAL","MEDIUM","false","no parsed consumer; path/role classification requires review"
"CHARROPRO-FMCH-OFFICIAL-DOCUMENT-SPECIFICATION-001/VISUAL_STRUCTURE.md","DOCUMENTATION_HISTORICAL","KEEP_HISTORICAL","MEDIUM","false","no parsed consumer; path/role classification requires review"
"CHARROPRO-FMCH-OFFICIAL-DOCUMENT-SPORTS-VALIDATION-001/ABBREVIATIONS_OFFICIAL.md","DOCUMENTATION_HISTORICAL","KEEP_HISTORICAL","MEDIUM","false","no parsed consumer; path/role classification requires review"
"CHARROPRO-FMCH-OFFICIAL-DOCUMENT-SPORTS-VALIDATION-001/CALCULATION_WORKFLOW.md","DOCUMENTATION_HISTORICAL","KEEP_HISTORICAL","MEDIUM","false","no parsed consumer; path/role classification requires review"
"CHARROPRO-FMCH-OFFICIAL-DOCUMENT-SPORTS-VALIDATION-001/CAPTURE_WORKFLOW.md","DOCUMENTATION_HISTORICAL","KEEP_HISTORICAL","MEDIUM","false","no parsed consumer; path/role classification requires review"
"CHARROPRO-FMCH-OFFICIAL-DOCUMENT-SPORTS-VALIDATION-001/FIELD_LIFECYCLE.json","PRODUCTIVE_DATA","KEEP_PRODUCTIVE","MEDIUM","false","no parsed consumer; path/role classification requires review"
"CHARROPRO-FMCH-OFFICIAL-DOCUMENT-SPORTS-VALIDATION-001/FIELD_LIFECYCLE.md","DOCUMENTATION_HISTORICAL","KEEP_HISTORICAL","MEDIUM","false","no parsed consumer; path/role classification requires review"
"CHARROPRO-FMCH-OFFICIAL-DOCUMENT-SPORTS-VALIDATION-001/FILES_CHANGED.md","DOCUMENTATION_HISTORICAL","KEEP_HISTORICAL","MEDIUM","false","no parsed consumer; path/role classification requires review"
"CHARROPRO-FMCH-OFFICIAL-DOCUMENT-SPORTS-VALIDATION-001/FORMULAS.json","PRODUCTIVE_DATA","KEEP_PRODUCTIVE","MEDIUM","false","no parsed consumer; path/role classification requires review"
"CHARROPRO-FMCH-OFFICIAL-DOCUMENT-SPORTS-VALIDATION-001/FORMULAS.md","DOCUMENTATION_HISTORICAL","KEEP_HISTORICAL","MEDIUM","false","no parsed consumer; path/role classification requires review"
"CHARROPRO-FMCH-OFFICIAL-DOCUMENT-SPORTS-VALIDATION-001/OPEN_QUESTIONS.md","DOCUMENTATION_HISTORICAL","KEEP_HISTORICAL","MEDIUM","false","no parsed consumer; path/role classification requires review"
"CHARROPRO-FMCH-OFFICIAL-DOCUMENT-SPORTS-VALIDATION-001/REGULATION_REFERENCES.md","DOCUMENTATION_HISTORICAL","KEEP_HISTORICAL","MEDIUM","false","no parsed consumer; path/role classification requires review"
"CHARROPRO-FMCH-OFFICIAL-DOCUMENT-SPORTS-VALIDATION-001/RISKS.md","DOCUMENTATION_HISTORICAL","KEEP_HISTORICAL","MEDIUM","false","no parsed consumer; path/role classification requires review"
"CHARROPRO-FMCH-OFFICIAL-DOCUMENT-SPORTS-VALIDATION-001/SECTION_VALIDATION.md","DOCUMENTATION_HISTORICAL","KEEP_HISTORICAL","MEDIUM","false","no parsed consumer; path/role classification requires review"
"CHARROPRO-FMCH-OFFICIAL-DOCUMENT-SPORTS-VALIDATION-001/SPORTS_ASSUMPTIONS.md","DOCUMENTATION_HISTORICAL","KEEP_HISTORICAL","MEDIUM","false","no parsed consumer; path/role classification requires review"
"CHARROPRO-FMCH-OFFICIAL-DOCUMENT-SPORTS-VALIDATION-001/SPORTS_FIELD_DEFINITIONS.json","PRODUCTIVE_DATA","KEEP_PRODUCTIVE","MEDIUM","false","no parsed consumer; path/role classification requires review"
"CHARROPRO-FMCH-OFFICIAL-DOCUMENT-SPORTS-VALIDATION-001/SPORTS_FIELD_DEFINITIONS.md","DOCUMENTATION_HISTORICAL","KEEP_HISTORICAL","MEDIUM","false","no parsed consumer; path/role classification requires review"
"CHARROPRO-FMCH-OFFICIAL-DOCUMENT-SPORTS-VALIDATION-001/SPORTS_RULES_MATRIX.json","PRODUCTIVE_DATA","KEEP_PRODUCTIVE","MEDIUM","false","no parsed consumer; path/role classification requires review"
"CHARROPRO-FMCH-OFFICIAL-DOCUMENT-SPORTS-VALIDATION-001/SPORTS_RULES_MATRIX.md","DOCUMENTATION_HISTORICAL","KEEP_HISTORICAL","MEDIUM","false","no parsed consumer; path/role classification requires review"
"CHARROPRO-FMCH-OFFICIAL-DOCUMENT-SPORTS-VALIDATION-001/SUMMARY.md","DOCUMENTATION_HISTORICAL","KEEP_HISTORICAL","MEDIUM","false","no parsed consumer; path/role classification requires review"
"CHARROPRO-FMCH-OFFICIAL-DOCUMENT-SPORTS-VALIDATION-001/VALIDATION.md","DOCUMENTATION_HISTORICAL","KEEP_HISTORICAL","MEDIUM","false","no parsed consumer; path/role classification requires review"
"CHARROPRO-FMCH-OFFICIAL-FORMAT-CERTIFICATION-STATE-RECONCILIATION-001/BLOCKERS.md","DOCUMENTATION_HISTORICAL","KEEP_HISTORICAL","MEDIUM","false","no parsed consumer; path/role classification requires review"
"CHARROPRO-FMCH-OFFICIAL-FORMAT-CERTIFICATION-STATE-RECONCILIATION-001/EVIDENCE_HIERARCHY.md","DOCUMENTATION_HISTORICAL","KEEP_HISTORICAL","MEDIUM","false","no parsed consumer; path/role classification requires review"
"CHARROPRO-FMCH-OFFICIAL-FORMAT-CERTIFICATION-STATE-RECONCILIATION-001/FIELD_RECONCILIATION.json","PRODUCTIVE_DATA","KEEP_PRODUCTIVE","MEDIUM","false","tests/official-format-authoritative-snapshot.test.mjs (TEST_ONLY_REFERENCE), tests/official-format-authoritative-snapshot.test.mjs (CONFIG_REFERENCE), tests/official-format-semantic-field-certification.test.mjs (CONFIG_REFERENCE)"
"CHARROPRO-FMCH-OFFICIAL-FORMAT-CERTIFICATION-STATE-RECONCILIATION-001/FIELD_RECONCILIATION.md","DOCUMENTATION_HISTORICAL","KEEP_HISTORICAL","MEDIUM","false","no parsed consumer; path/role classification requires review"
"CHARROPRO-FMCH-OFFICIAL-FORMAT-CERTIFICATION-STATE-RECONCILIATION-001/FILES_CHANGED.md","DOCUMENTATION_HISTORICAL","KEEP_HISTORICAL","MEDIUM","false","no parsed consumer; path/role classification requires review"
"CHARROPRO-FMCH-OFFICIAL-FORMAT-CERTIFICATION-STATE-RECONCILIATION-001/SUMMARY.md","DOCUMENTATION_HISTORICAL","KEEP_HISTORICAL","MEDIUM","false","no parsed consumer; path/role classification requires review"
"CHARROPRO-FMCH-OFFICIAL-FORMAT-CERTIFICATION-STATE-RECONCILIATION-001/VALIDATION.md","DOCUMENTATION_HISTORICAL","KEEP_HISTORICAL","MEDIUM","false","no parsed consumer; path/role classification requires review"
"CHARROPRO-FMCH-OFFICIAL-SPORTS-COMMISSION-VALIDATION-001/DECISION_LOG.md","DOCUMENTATION_HISTORICAL","KEEP_HISTORICAL","MEDIUM","false","no parsed consumer; path/role classification requires review"
"CHARROPRO-FMCH-OFFICIAL-SPORTS-COMMISSION-VALIDATION-001/EVIDENCE_INDEX.md","DOCUMENTATION_HISTORICAL","KEEP_HISTORICAL","MEDIUM","false","no parsed consumer; path/role classification requires review"
"CHARROPRO-FMCH-OFFICIAL-SPORTS-COMMISSION-VALIDATION-001/FIELD_STATUS_AFTER_VALIDATION.md","DOCUMENTATION_HISTORICAL","KEEP_HISTORICAL","MEDIUM","false","no parsed consumer; path/role classification requires review"
"CHARROPRO-FMCH-OFFICIAL-SPORTS-COMMISSION-VALIDATION-001/FIELD_VALIDATION_MATRIX.json","PRODUCTIVE_DATA","KEEP_PRODUCTIVE","MEDIUM","false","tools/fmch-judge-questionnaire/questionnaire-data.js (CONFIG_REFERENCE)"
"CHARROPRO-FMCH-OFFICIAL-SPORTS-COMMISSION-VALIDATION-001/FIELD_VALIDATION_MATRIX.md","DOCUMENTATION_HISTORICAL","KEEP_HISTORICAL","MEDIUM","false","no parsed consumer; path/role classification requires review"
"CHARROPRO-FMCH-OFFICIAL-SPORTS-COMMISSION-VALIDATION-001/FILES_CHANGED.md","DOCUMENTATION_HISTORICAL","KEEP_HISTORICAL","MEDIUM","false","no parsed consumer; path/role classification requires review"
"CHARROPRO-FMCH-OFFICIAL-SPORTS-COMMISSION-VALIDATION-001/GAP_RESOLUTION_MATRIX.json","PRODUCTIVE_DATA","KEEP_PRODUCTIVE","MEDIUM","false","no parsed consumer; path/role classification requires review"
"CHARROPRO-FMCH-OFFICIAL-SPORTS-COMMISSION-VALIDATION-001/GAP_RESOLUTION_MATRIX.md","DOCUMENTATION_HISTORICAL","KEEP_HISTORICAL","MEDIUM","false","no parsed consumer; path/role classification requires review"
"CHARROPRO-FMCH-OFFICIAL-SPORTS-COMMISSION-VALIDATION-001/INTERVIEW_RECORDS.md","DOCUMENTATION_HISTORICAL","KEEP_HISTORICAL","MEDIUM","false","no parsed consumer; path/role classification requires review"
"CHARROPRO-FMCH-OFFICIAL-SPORTS-COMMISSION-VALIDATION-001/INTERVIEW_TEMPLATE.md","DOCUMENTATION_HISTORICAL","KEEP_HISTORICAL","MEDIUM","false","no parsed consumer; path/role classification requires review"
"CHARROPRO-FMCH-OFFICIAL-SPORTS-COMMISSION-VALIDATION-001/OPEN_ITEMS.md","DOCUMENTATION_HISTORICAL","KEEP_HISTORICAL","MEDIUM","false","no parsed consumer; path/role classification requires review"
"CHARROPRO-FMCH-OFFICIAL-SPORTS-COMMISSION-VALIDATION-001/REGULATION_CONFLICTS.md","DOCUMENTATION_HISTORICAL","KEEP_HISTORICAL","MEDIUM","false","no parsed consumer; path/role classification requires review"
"CHARROPRO-FMCH-OFFICIAL-SPORTS-COMMISSION-VALIDATION-001/RISKS.md","DOCUMENTATION_HISTORICAL","KEEP_HISTORICAL","MEDIUM","false","no parsed consumer; path/role classification requires review"
"CHARROPRO-FMCH-OFFICIAL-SPORTS-COMMISSION-VALIDATION-001/SPORTS_COMMISSION_QUESTIONNAIRE.json","PRODUCTIVE_DATA","KEEP_PRODUCTIVE","MEDIUM","false","tools/fmch-judge-questionnaire/questionnaire-data.js (CONFIG_REFERENCE)"
"CHARROPRO-FMCH-OFFICIAL-SPORTS-COMMISSION-VALIDATION-001/SPORTS_COMMISSION_QUESTIONNAIRE.md","DOCUMENTATION_HISTORICAL","KEEP_HISTORICAL","MEDIUM","false","no parsed consumer; path/role classification requires review"
"CHARROPRO-FMCH-OFFICIAL-SPORTS-COMMISSION-VALIDATION-001/SPORTS_DECISIONS.json","PRODUCTIVE_DATA","KEEP_PRODUCTIVE","MEDIUM","false","no parsed consumer; path/role classification requires review"
"CHARROPRO-FMCH-OFFICIAL-SPORTS-COMMISSION-VALIDATION-001/SPORTS_DECISIONS.md","DOCUMENTATION_HISTORICAL","KEEP_HISTORICAL","MEDIUM","false","no parsed consumer; path/role classification requires review"
"CHARROPRO-FMCH-OFFICIAL-SPORTS-COMMISSION-VALIDATION-001/SUMMARY.md","DOCUMENTATION_HISTORICAL","KEEP_HISTORICAL","MEDIUM","false","no parsed consumer; path/role classification requires review"
"CHARROPRO-FMCH-OFFICIAL-SPORTS-COMMISSION-VALIDATION-001/VALIDATION.md","DOCUMENTATION_HISTORICAL","KEEP_HISTORICAL","MEDIUM","false","no parsed consumer; path/role classification requires review"
"CHARROPRO-FMCH-OFFICIAL-TEAM-SHEET-HTML-PRINT-AND-GEOMETRY-FIDELITY-001/CALA_ABBREVIATION_MATRIX.md","DOCUMENTATION_HISTORICAL","KEEP_HISTORICAL","MEDIUM","false","no parsed consumer; path/role classification requires review"
"CHARROPRO-FMCH-OFFICIAL-TEAM-SHEET-HTML-PRINT-AND-GEOMETRY-FIDELITY-001/FILES_CHANGED.md","DOCUMENTATION_HISTORICAL","KEEP_HISTORICAL","MEDIUM","false","no parsed consumer; path/role classification requires review"
"CHARROPRO-FMCH-OFFICIAL-TEAM-SHEET-HTML-PRINT-AND-GEOMETRY-FIDELITY-001/HTML_XLSX_VISUAL_PARITY.md","DOCUMENTATION_HISTORICAL","KEEP_HISTORICAL","MEDIUM","false","no parsed consumer; path/role classification requires review"
"CHARROPRO-FMCH-OFFICIAL-TEAM-SHEET-HTML-PRINT-AND-GEOMETRY-FIDELITY-001/OFFICIAL_GEOMETRY_MATRIX.md","DOCUMENTATION_HISTORICAL","KEEP_HISTORICAL","MEDIUM","false","no parsed consumer; path/role classification requires review"
"CHARROPRO-FMCH-OFFICIAL-TEAM-SHEET-HTML-PRINT-AND-GEOMETRY-FIDELITY-001/PRINT_VALIDATION.md","DOCUMENTATION_HISTORICAL","KEEP_HISTORICAL","MEDIUM","false","no parsed consumer; path/role classification requires review"
"CHARROPRO-FMCH-OFFICIAL-TEAM-SHEET-HTML-PRINT-AND-GEOMETRY-FIDELITY-001/RISKS.md","DOCUMENTATION_HISTORICAL","KEEP_HISTORICAL","MEDIUM","false","no parsed consumer; path/role classification requires review"
"CHARROPRO-FMCH-OFFICIAL-TEAM-SHEET-HTML-PRINT-AND-GEOMETRY-FIDELITY-001/ROLLBACK.md","DOCUMENTATION_HISTORICAL","KEEP_HISTORICAL","MEDIUM","false","no parsed consumer; path/role classification requires review"
"CHARROPRO-FMCH-OFFICIAL-TEAM-SHEET-HTML-PRINT-AND-GEOMETRY-FIDELITY-001/SUMMARY.md","DOCUMENTATION_HISTORICAL","KEEP_HISTORICAL","MEDIUM","false","no parsed consumer; path/role classification requires review"
"CHARROPRO-FMCH-OFFICIAL-TEAM-SHEET-HTML-PRINT-AND-GEOMETRY-FIDELITY-001/TEST_RESULTS.md","DOCUMENTATION_HISTORICAL","KEEP_HISTORICAL","MEDIUM","false","no parsed consumer; path/role classification requires review"
"CHARROPRO-FMCH-OFFICIAL-TEAM-SHEET-HTML-PRINT-AND-GEOMETRY-FIDELITY-001/evidence/html/formato-fmch-semantico-paso-primera-vuelta.html","FIXTURE","KEEP_CERTIFICATION_EVIDENCE","MEDIUM","false","no parsed consumer; path/role classification requires review"
"CHARROPRO-FMCH-OFFICIAL-TEAM-SHEET-HTML-PRINT-AND-GEOMETRY-FIDELITY-001/evidence/html/formato-fmch-semantico-paso-segunda-vuelta.html","FIXTURE","KEEP_CERTIFICATION_EVIDENCE","MEDIUM","false","no parsed consumer; path/role classification requires review"
"CHARROPRO-FMCH-OFFICIAL-TEAM-SHEET-HTML-PRINT-AND-GEOMETRY-FIDELITY-001/evidence/pdf-html/formato-fmch-semantico-paso-primera-vuelta.pdf","FIXTURE","KEEP_CERTIFICATION_EVIDENCE","MEDIUM","false","no parsed consumer; path/role classification requires review"
"CHARROPRO-FMCH-OFFICIAL-TEAM-SHEET-HTML-PRINT-AND-GEOMETRY-FIDELITY-001/evidence/pdf-xlsx/formato-fmch-semantico-paso-primera-vuelta.pdf","FIXTURE","KEEP_CERTIFICATION_EVIDENCE","MEDIUM","false","no parsed consumer; path/role classification requires review"
"CHARROPRO-FMCH-OFFICIAL-TEAM-SHEET-HTML-PRINT-AND-GEOMETRY-FIDELITY-001/evidence/pdf-xlsx/formato-fmch-semantico-paso-segunda-vuelta.pdf","FIXTURE","KEEP_CERTIFICATION_EVIDENCE","MEDIUM","false","no parsed consumer; path/role classification requires review"
"CHARROPRO-FMCH-OFFICIAL-TEAM-SHEET-HTML-PRINT-AND-GEOMETRY-FIDELITY-001/evidence/png/html-print-first.png","FIXTURE","KEEP_CERTIFICATION_EVIDENCE","MEDIUM","false","no parsed consumer; path/role classification requires review"
"CHARROPRO-FMCH-OFFICIAL-TEAM-SHEET-HTML-PRINT-AND-GEOMETRY-FIDELITY-001/evidence/png/xlsx-first.png","FIXTURE","KEEP_CERTIFICATION_EVIDENCE","MEDIUM","false","no parsed consumer; path/role classification requires review"
"CHARROPRO-FMCH-OFFICIAL-TEAM-SHEET-HTML-PRINT-AND-GEOMETRY-FIDELITY-001/evidence/xlsx/formato-fmch-semantico-paso-primera-vuelta.xlsx","FIXTURE","KEEP_CERTIFICATION_EVIDENCE","MEDIUM","false","no parsed consumer; path/role classification requires review"
"CHARROPRO-FMCH-OFFICIAL-TEAM-SHEET-HTML-PRINT-AND-GEOMETRY-FIDELITY-001/evidence/xlsx/formato-fmch-semantico-paso-segunda-vuelta.xlsx","FIXTURE","KEEP_CERTIFICATION_EVIDENCE","MEDIUM","false","no parsed consumer; path/role classification requires review"
"CHARROPRO-FMCH-OFFICIAL-TEAM-SHEET-PRE-JUDGE-FINAL-CORRECTIONS-001/FILES_CHANGED.md","DOCUMENTATION_HISTORICAL","KEEP_HISTORICAL","MEDIUM","false","no parsed consumer; path/role classification requires review"
"CHARROPRO-FMCH-OFFICIAL-TEAM-SHEET-PRE-JUDGE-FINAL-CORRECTIONS-001/PAPER_AND_RENDERING_AUTHORITY.md","DOCUMENTATION_HISTORICAL","KEEP_HISTORICAL","MEDIUM","false","no parsed consumer; path/role classification requires review"
"CHARROPRO-FMCH-OFFICIAL-TEAM-SHEET-PRE-JUDGE-FINAL-CORRECTIONS-001/RISKS.md","DOCUMENTATION_HISTORICAL","KEEP_HISTORICAL","MEDIUM","false","no parsed consumer; path/role classification requires review"
"CHARROPRO-FMCH-OFFICIAL-TEAM-SHEET-PRE-JUDGE-FINAL-CORRECTIONS-001/ROLLBACK.md","DOCUMENTATION_HISTORICAL","KEEP_HISTORICAL","MEDIUM","false","no parsed consumer; path/role classification requires review"
"CHARROPRO-FMCH-OFFICIAL-TEAM-SHEET-PRE-JUDGE-FINAL-CORRECTIONS-001/SUMMARY.md","DOCUMENTATION_HISTORICAL","KEEP_HISTORICAL","MEDIUM","false","no parsed consumer; path/role classification requires review"
"CHARROPRO-FMCH-OFFICIAL-TEAM-SHEET-PRE-JUDGE-FINAL-CORRECTIONS-001/TEST_RESULTS.md","DOCUMENTATION_HISTORICAL","KEEP_HISTORICAL","MEDIUM","false","no parsed consumer; path/role classification requires review"
"CHARROPRO-FMCH-OFFICIAL-TEAM-SHEET-PRE-JUDGE-FINAL-CORRECTIONS-001/VALIDATION.md","DOCUMENTATION_HISTORICAL","KEEP_HISTORICAL","MEDIUM","false","no parsed consumer; path/role classification requires review"
"CHARROPRO-FMCH-OFFICIAL-TEAM-SHEET-PRE-JUDGE-FINAL-CORRECTIONS-001/evidence/formato-fmch-pre-juez-fixtures-a-d.pdf","FIXTURE","KEEP_CERTIFICATION_EVIDENCE","MEDIUM","false","no parsed consumer; path/role classification requires review"
"CHARROPRO-FMCH-OFFICIAL-TEAM-SHEET-PRE-JUDGE-FINAL-CORRECTIONS-001/evidence/formato-fmch-pre-juez-fixtures-a-d.xlsx","FIXTURE","KEEP_CERTIFICATION_EVIDENCE","MEDIUM","false","no parsed consumer; path/role classification requires review"
"CHARROPRO-FMCH-OFFICIAL-TEAM-SHEET-PRODUCTION-JUDGE-REVIEW-001/CERTIFIED_JUDGE_REVIEW.md","DOCUMENTATION_HISTORICAL","KEEP_HISTORICAL","MEDIUM","false","no parsed consumer; path/role classification requires review"
"CHARROPRO-FMCH-OFFICIAL-TEAM-SHEET-PRODUCTION-JUDGE-REVIEW-001/CONTROL_ROW_MATRIX.md","DOCUMENTATION_HISTORICAL","KEEP_HISTORICAL","MEDIUM","false","no parsed consumer; path/role classification requires review"
"CHARROPRO-FMCH-OFFICIAL-TEAM-SHEET-PRODUCTION-JUDGE-REVIEW-001/FILES_CHANGED.md","DOCUMENTATION_HISTORICAL","KEEP_HISTORICAL","MEDIUM","false","no parsed consumer; path/role classification requires review"
"CHARROPRO-FMCH-OFFICIAL-TEAM-SHEET-PRODUCTION-JUDGE-REVIEW-001/RISKS.md","DOCUMENTATION_HISTORICAL","KEEP_HISTORICAL","MEDIUM","false","no parsed consumer; path/role classification requires review"
"CHARROPRO-FMCH-OFFICIAL-TEAM-SHEET-PRODUCTION-JUDGE-REVIEW-001/ROLLBACK.md","DOCUMENTATION_HISTORICAL","KEEP_HISTORICAL","MEDIUM","false","no parsed consumer; path/role classification requires review"
"CHARROPRO-FMCH-OFFICIAL-TEAM-SHEET-PRODUCTION-JUDGE-REVIEW-001/SUMMARY.md","DOCUMENTATION_HISTORICAL","KEEP_HISTORICAL","MEDIUM","false","no parsed consumer; path/role classification requires review"
"CHARROPRO-FMCH-OFFICIAL-TEAM-SHEET-PRODUCTION-JUDGE-REVIEW-001/TEST_RESULTS.md","DOCUMENTATION_HISTORICAL","KEEP_HISTORICAL","MEDIUM","false","no parsed consumer; path/role classification requires review"
"CHARROPRO-FMCH-OFFICIAL-TEAM-SHEET-PRODUCTION-JUDGE-REVIEW-001/T_FIELD_MATRIX.md","DOCUMENTATION_HISTORICAL","KEEP_HISTORICAL","MEDIUM","false","no parsed consumer; path/role classification requires review"
"CHARROPRO-FMCH-OFFICIAL-TEAM-SHEET-SEMANTIC-FIELD-CERTIFICATION-001/BAD_POINTS_CONTROL_VALIDATION.md","DOCUMENTATION_HISTORICAL","KEEP_HISTORICAL","MEDIUM","false","no parsed consumer; path/role classification requires review"
"CHARROPRO-FMCH-OFFICIAL-TEAM-SHEET-SEMANTIC-FIELD-CERTIFICATION-001/CALA_VALIDATION.md","DOCUMENTATION_HISTORICAL","KEEP_HISTORICAL","MEDIUM","false","no parsed consumer; path/role classification requires review"
"CHARROPRO-FMCH-OFFICIAL-TEAM-SHEET-SEMANTIC-FIELD-CERTIFICATION-001/FILES_CHANGED.md","DOCUMENTATION_HISTORICAL","KEEP_HISTORICAL","MEDIUM","false","no parsed consumer; path/role classification requires review"
"CHARROPRO-FMCH-OFFICIAL-TEAM-SHEET-SEMANTIC-FIELD-CERTIFICATION-001/HISTORICAL_COMPATIBILITY.md","DOCUMENTATION_HISTORICAL","KEEP_HISTORICAL","MEDIUM","false","no parsed consumer; path/role classification requires review"
"CHARROPRO-FMCH-OFFICIAL-TEAM-SHEET-SEMANTIC-FIELD-CERTIFICATION-001/PASO_VALIDATION.md","DOCUMENTATION_HISTORICAL","KEEP_HISTORICAL","MEDIUM","false","no parsed consumer; path/role classification requires review"
"CHARROPRO-FMCH-OFFICIAL-TEAM-SHEET-SEMANTIC-FIELD-CERTIFICATION-001/RISKS.md","DOCUMENTATION_HISTORICAL","KEEP_HISTORICAL","MEDIUM","false","no parsed consumer; path/role classification requires review"
"CHARROPRO-FMCH-OFFICIAL-TEAM-SHEET-SEMANTIC-FIELD-CERTIFICATION-001/SEMANTIC_FIELD_CERTIFICATION.md","DOCUMENTATION_HISTORICAL","KEEP_HISTORICAL","MEDIUM","false","no parsed consumer; path/role classification requires review"
"CHARROPRO-FMCH-OFFICIAL-TEAM-SHEET-SEMANTIC-FIELD-CERTIFICATION-001/SOURCE_AUTHORITY_MATRIX.md","DOCUMENTATION_HISTORICAL","KEEP_HISTORICAL","MEDIUM","false","no parsed consumer; path/role classification requires review"
"CHARROPRO-FMCH-OFFICIAL-TEAM-SHEET-SEMANTIC-FIELD-CERTIFICATION-001/SUMMARY.md","DOCUMENTATION_HISTORICAL","KEEP_HISTORICAL","MEDIUM","false","no parsed consumer; path/role classification requires review"
"CHARROPRO-FMCH-OFFICIAL-TEAM-SHEET-SEMANTIC-FIELD-CERTIFICATION-001/TERNA_VALIDATION.md","DOCUMENTATION_HISTORICAL","KEEP_HISTORICAL","MEDIUM","false","no parsed consumer; path/role classification requires review"
"CHARROPRO-FMCH-OFFICIAL-TEAM-SHEET-SEMANTIC-FIELD-CERTIFICATION-001/TEST_RESULTS.md","DOCUMENTATION_HISTORICAL","KEEP_HISTORICAL","MEDIUM","false","no parsed consumer; path/role classification requires review"
"CHARROPRO-FMCH-OFFICIAL-TEAM-SHEET-SEMANTIC-FIELD-CERTIFICATION-001/TIME_FIELDS_VALIDATION.md","DOCUMENTATION_HISTORICAL","KEEP_HISTORICAL","MEDIUM","false","no parsed consumer; path/role classification requires review"
"CHARROPRO-FMCH-OFFICIAL-TEAM-SHEET-SEMANTIC-FIELD-CERTIFICATION-001/evidence/formato-fmch-semantico-paso-primera-vuelta.pdf","FIXTURE","KEEP_CERTIFICATION_EVIDENCE","MEDIUM","false","no parsed consumer; path/role classification requires review"
"CHARROPRO-FMCH-OFFICIAL-TEAM-SHEET-SEMANTIC-FIELD-CERTIFICATION-001/evidence/formato-fmch-semantico-paso-primera-vuelta.xlsx","FIXTURE","KEEP_CERTIFICATION_EVIDENCE","MEDIUM","false","no parsed consumer; path/role classification requires review"
"CHARROPRO-FMCH-OFFICIAL-TEAM-SHEET-SEMANTIC-FIELD-CERTIFICATION-001/evidence/formato-fmch-semantico-paso-segunda-vuelta.pdf","FIXTURE","KEEP_CERTIFICATION_EVIDENCE","MEDIUM","false","no parsed consumer; path/role classification requires review"
"CHARROPRO-FMCH-OFFICIAL-TEAM-SHEET-SEMANTIC-FIELD-CERTIFICATION-001/evidence/formato-fmch-semantico-paso-segunda-vuelta.xlsx","FIXTURE","KEEP_CERTIFICATION_EVIDENCE","MEDIUM","false","no parsed consumer; path/role classification requires review"
"CHARROPRO-FMCH-OFFICIAL-TEAM-SHEET-SEMANTIC-FIELD-CERTIFICATION-001/evidence/rich-concepts/formato-fmch-demo-cala-infracciones.pdf","FIXTURE","KEEP_CERTIFICATION_EVIDENCE","MEDIUM","false","no parsed consumer; path/role classification requires review"
"CHARROPRO-FMCH-OFFICIAL-TEAM-SHEET-SEMANTIC-FIELD-CERTIFICATION-001/evidence/rich-concepts/formato-fmch-demo-cala-infracciones.xlsx","FIXTURE","KEEP_CERTIFICATION_EVIDENCE","MEDIUM","false","no parsed consumer; path/role classification requires review"
"CHARROPRO-FMCH-OFFICIAL-TEAM-SHEET-SEMANTIC-FIELD-CERTIFICATION-001/evidence/rich-concepts/formato-fmch-demo-cala-positiva.pdf","FIXTURE","KEEP_CERTIFICATION_EVIDENCE","MEDIUM","false","no parsed consumer; path/role classification requires review"
"CHARROPRO-FMCH-OFFICIAL-TEAM-SHEET-SEMANTIC-FIELD-CERTIFICATION-001/evidence/rich-concepts/formato-fmch-demo-cala-positiva.xlsx","FIXTURE","KEEP_CERTIFICATION_EVIDENCE","MEDIUM","false","no parsed consumer; path/role classification requires review"
"CHARROPRO-FMCH-OFFICIAL-TEAM-SHEET-SEMANTIC-FIELD-CERTIFICATION-001/evidence/rich-concepts/formato-fmch-demo-jineteos-complejos.pdf","FIXTURE","KEEP_CERTIFICATION_EVIDENCE","MEDIUM","false","no parsed consumer; path/role classification requires review"
"CHARROPRO-FMCH-OFFICIAL-TEAM-SHEET-SEMANTIC-FIELD-CERTIFICATION-001/evidence/rich-concepts/formato-fmch-demo-jineteos-complejos.xlsx","FIXTURE","KEEP_CERTIFICATION_EVIDENCE","MEDIUM","false","no parsed consumer; path/role classification requires review"
"CHARROPRO-FMCH-OFFICIAL-TEAM-SHEET-VISUAL-FIDELITY-001/FILES_CHANGED.md","DOCUMENTATION_HISTORICAL","KEEP_HISTORICAL","MEDIUM","false","no parsed consumer; path/role classification requires review"
"CHARROPRO-FMCH-OFFICIAL-TEAM-SHEET-VISUAL-FIDELITY-001/SUMMARY.md","DOCUMENTATION_HISTORICAL","KEEP_HISTORICAL","MEDIUM","false","CHARROPRO-FMCH-OFFICIAL-TEAM-SHEET-VISUAL-FIDELITY-001/FILES_CHANGED.md (DOCUMENTATION_ONLY_REFERENCE)"
"CHARROPRO-FMCH-OFFICIAL-TEAM-SHEET-VISUAL-FIDELITY-001/TEST_RESULTS.md","DOCUMENTATION_HISTORICAL","KEEP_HISTORICAL","MEDIUM","false","CHARROPRO-FMCH-OFFICIAL-TEAM-SHEET-VISUAL-FIDELITY-001/FILES_CHANGED.md (DOCUMENTATION_ONLY_REFERENCE)"
"CHARROPRO-FMCH-OFFICIAL-TEAM-SHEET-VISUAL-FIDELITY-001/VISUAL_COMPARISON.md","DOCUMENTATION_HISTORICAL","KEEP_HISTORICAL","MEDIUM","false","CHARROPRO-FMCH-OFFICIAL-TEAM-SHEET-VISUAL-FIDELITY-001/FILES_CHANGED.md (DOCUMENTATION_ONLY_REFERENCE)"
"CHARROPRO-FMCH-TEMPORAL-POLICY-AND-TRANSITIONS-001/IMPLEMENTATION_SUMMARY.md","DOCUMENTATION_HISTORICAL","KEEP_HISTORICAL","MEDIUM","false","no parsed consumer; path/role classification requires review"
"CHARROPRO-FMCH-TEMPORAL-POLICY-AND-TRANSITIONS-001/TEMPORAL_POLICY_CONTRACT.md","DOCUMENTATION_HISTORICAL","KEEP_HISTORICAL","MEDIUM","false","no parsed consumer; path/role classification requires review"
"CHARROPRO-OFFICIAL-SCORE-CONCURRENCY-001/FILES_CHANGED.md","DOCUMENTATION_HISTORICAL","KEEP_HISTORICAL","MEDIUM","false","no parsed consumer; path/role classification requires review"
"CHARROPRO-OFFICIAL-SCORE-CONCURRENCY-001/RISKS.md","DOCUMENTATION_HISTORICAL","KEEP_HISTORICAL","MEDIUM","false","CHARROPRO-OFFICIAL-SCORE-CONCURRENCY-001/FILES_CHANGED.md (DOCUMENTATION_ONLY_REFERENCE)"
"CHARROPRO-OFFICIAL-SCORE-CONCURRENCY-001/ROLLBACK.md","DOCUMENTATION_HISTORICAL","KEEP_HISTORICAL","MEDIUM","false","CHARROPRO-OFFICIAL-SCORE-CONCURRENCY-001/FILES_CHANGED.md (DOCUMENTATION_ONLY_REFERENCE)"
"CHARROPRO-OFFICIAL-SCORE-CONCURRENCY-001/SUMMARY.md","DOCUMENTATION_HISTORICAL","KEEP_HISTORICAL","MEDIUM","false","CHARROPRO-OFFICIAL-SCORE-CONCURRENCY-001/FILES_CHANGED.md (DOCUMENTATION_ONLY_REFERENCE)"
"CHARROPRO-OFFICIAL-SCORE-CONCURRENCY-001/TEST_RESULTS.md","DOCUMENTATION_HISTORICAL","KEEP_HISTORICAL","MEDIUM","false","CHARROPRO-OFFICIAL-SCORE-CONCURRENCY-001/FILES_CHANGED.md (DOCUMENTATION_ONLY_REFERENCE)"
"CHARROPRO-OFFICIAL-SCORE-CONCURRENCY-001/VALIDATION.md","DOCUMENTATION_HISTORICAL","KEEP_HISTORICAL","MEDIUM","false","CHARROPRO-OFFICIAL-SCORE-CONCURRENCY-001/FILES_CHANGED.md (DOCUMENTATION_ONLY_REFERENCE)"
"CHARROPRO-OFFICIAL-TIMER-AUTHORITY-AND-SYNC-INTEGRATION-001/FILES_CHANGED.md","DOCUMENTATION_HISTORICAL","KEEP_HISTORICAL","MEDIUM","false","no parsed consumer; path/role classification requires review"
"CHARROPRO-OFFICIAL-TIMER-AUTHORITY-AND-SYNC-INTEGRATION-001/IMPLEMENTATION_SUMMARY.md","DOCUMENTATION_HISTORICAL","KEEP_HISTORICAL","MEDIUM","false","CHARROPRO-OFFICIAL-TIMER-AUTHORITY-AND-SYNC-INTEGRATION-001/FILES_CHANGED.md (DOCUMENTATION_ONLY_REFERENCE)"
"CHARROPRO-OFFICIAL-TIMER-AUTHORITY-AND-SYNC-INTEGRATION-001/REMOTE_CONTROL_UX_CONTRACT.md","DOCUMENTATION_HISTORICAL","KEEP_HISTORICAL","MEDIUM","false","CHARROPRO-OFFICIAL-TIMER-AUTHORITY-AND-SYNC-INTEGRATION-001/FILES_CHANGED.md (DOCUMENTATION_ONLY_REFERENCE)"
"CHARROPRO-OFFICIAL-TIMER-AUTHORITY-AND-SYNC-INTEGRATION-001/SYNC_AND_FAILOVER_TEST_EVIDENCE.md","DOCUMENTATION_HISTORICAL","KEEP_HISTORICAL","MEDIUM","false","CHARROPRO-OFFICIAL-TIMER-AUTHORITY-AND-SYNC-INTEGRATION-001/FILES_CHANGED.md (DOCUMENTATION_ONLY_REFERENCE)"
"CHARROPRO-OFFICIAL-TIMER-AUTHORITY-AND-SYNC-INTEGRATION-001/TIMER_AUTHORITY_CONTRACT.md","DOCUMENTATION_HISTORICAL","KEEP_HISTORICAL","MEDIUM","false","CHARROPRO-OFFICIAL-TIMER-AUTHORITY-AND-SYNC-INTEGRATION-001/FILES_CHANGED.md (DOCUMENTATION_ONLY_REFERENCE)"
"CHARROPRO-OPERATIONAL-FLOW-AND-PUBLIC-PORTAL-CORRECTIONS-001/FILES_CHANGED.md","DOCUMENTATION_HISTORICAL","KEEP_HISTORICAL","MEDIUM","false","no parsed consumer; path/role classification requires review"
"CHARROPRO-OPERATIONAL-FLOW-AND-PUBLIC-PORTAL-CORRECTIONS-001/IMPLEMENTATION_SUMMARY.md","DOCUMENTATION_HISTORICAL","KEEP_HISTORICAL","MEDIUM","false","no parsed consumer; path/role classification requires review"
"CHARROPRO-OPERATIONAL-FLOW-AND-PUBLIC-PORTAL-CORRECTIONS-001/PUBLIC_PARTIAL_STANDINGS_CONTRACT.md","DOCUMENTATION_HISTORICAL","KEEP_HISTORICAL","MEDIUM","false","no parsed consumer; path/role classification requires review"
"CHARROPRO-OPERATIONAL-FLOW-AND-PUBLIC-PORTAL-CORRECTIONS-001/TERNA_FLOW_CONTRACT.md","DOCUMENTATION_HISTORICAL","KEEP_HISTORICAL","MEDIUM","false","no parsed consumer; path/role classification requires review"
"CHARROPRO-OPERATIONAL-FLOW-AND-PUBLIC-PORTAL-CORRECTIONS-001/TEST_EVIDENCE.md","DOCUMENTATION_HISTORICAL","KEEP_HISTORICAL","MEDIUM","false","no parsed consumer; path/role classification requires review"
"CHARROPRO-OPERATIONAL-VALIDATION-CORRECTIONS-002/COLEADERO_GLOBAL_LEADER_CONTRACT.md","DOCUMENTATION_HISTORICAL","KEEP_HISTORICAL","MEDIUM","false","CHARROPRO-OPERATIONAL-VALIDATION-CORRECTIONS-002/FILES_CHANGED.md (DOCUMENTATION_ONLY_REFERENCE), CHARROPRO-SCORER-OPERATIONAL-STABILIZATION-CHECKPOINT-001/WORKING_TREE_AUDIT.md (DOCUMENTATION_ONLY_REFERENCE)"
"CHARROPRO-OPERATIONAL-VALIDATION-CORRECTIONS-002/FILES_CHANGED.md","DOCUMENTATION_HISTORICAL","KEEP_HISTORICAL","MEDIUM","false","CHARROPRO-SCORER-OPERATIONAL-STABILIZATION-CHECKPOINT-001/WORKING_TREE_AUDIT.md (DOCUMENTATION_ONLY_REFERENCE)"
"CHARROPRO-OPERATIONAL-VALIDATION-CORRECTIONS-002/IMPLEMENTATION_SUMMARY.md","DOCUMENTATION_HISTORICAL","KEEP_HISTORICAL","MEDIUM","false","CHARROPRO-OPERATIONAL-VALIDATION-CORRECTIONS-002/FILES_CHANGED.md (DOCUMENTATION_ONLY_REFERENCE), CHARROPRO-SCORER-OPERATIONAL-STABILIZATION-CHECKPOINT-001/WORKING_TREE_AUDIT.md (DOCUMENTATION_ONLY_REFERENCE)"
"CHARROPRO-OPERATIONAL-VALIDATION-CORRECTIONS-002/PASO_LAYOUT_CONTRACT.md","DOCUMENTATION_HISTORICAL","KEEP_HISTORICAL","MEDIUM","false","CHARROPRO-OPERATIONAL-VALIDATION-CORRECTIONS-002/FILES_CHANGED.md (DOCUMENTATION_ONLY_REFERENCE), CHARROPRO-SCORER-OPERATIONAL-STABILIZATION-CHECKPOINT-001/WORKING_TREE_AUDIT.md (DOCUMENTATION_ONLY_REFERENCE)"
"CHARROPRO-OPERATIONAL-VALIDATION-CORRECTIONS-002/PENDING_REVIEW_RECONCILIATION.md","DOCUMENTATION_HISTORICAL","KEEP_HISTORICAL","MEDIUM","false","CHARROPRO-OPERATIONAL-VALIDATION-CORRECTIONS-002/FILES_CHANGED.md (DOCUMENTATION_ONLY_REFERENCE), CHARROPRO-SCORER-OPERATIONAL-STABILIZATION-CHECKPOINT-001/WORKING_TREE_AUDIT.md (DOCUMENTATION_ONLY_REFERENCE)"
"CHARROPRO-OPERATIONAL-VALIDATION-CORRECTIONS-002/TERNA_ROLE_TRANSITION_CONTRACT.md","DOCUMENTATION_HISTORICAL","KEEP_HISTORICAL","MEDIUM","false","CHARROPRO-OPERATIONAL-VALIDATION-CORRECTIONS-002/FILES_CHANGED.md (DOCUMENTATION_ONLY_REFERENCE), CHARROPRO-SCORER-OPERATIONAL-STABILIZATION-CHECKPOINT-001/WORKING_TREE_AUDIT.md (DOCUMENTATION_ONLY_REFERENCE)"
"CHARROPRO-OPERATIONAL-VALIDATION-CORRECTIONS-002/TEST_EVIDENCE.md","DOCUMENTATION_HISTORICAL","KEEP_HISTORICAL","MEDIUM","false","CHARROPRO-OPERATIONAL-VALIDATION-CORRECTIONS-002/FILES_CHANGED.md (DOCUMENTATION_ONLY_REFERENCE), CHARROPRO-SCORER-OPERATIONAL-STABILIZATION-CHECKPOINT-001/WORKING_TREE_AUDIT.md (DOCUMENTATION_ONLY_REFERENCE)"
"CHARROPRO-PENDING-REVIEW-AND-FULL-SCORER-INTEGRATION-001/FILES_CHANGED.md","DOCUMENTATION_HISTORICAL","KEEP_HISTORICAL","MEDIUM","false","no parsed consumer; path/role classification requires review"
"CHARROPRO-PENDING-REVIEW-AND-FULL-SCORER-INTEGRATION-001/FULL_SCORER_INTEGRATION_EVIDENCE.md","DOCUMENTATION_HISTORICAL","KEEP_HISTORICAL","MEDIUM","false","CHARROPRO-PENDING-REVIEW-AND-FULL-SCORER-INTEGRATION-001/FILES_CHANGED.md (DOCUMENTATION_ONLY_REFERENCE)"
"CHARROPRO-PENDING-REVIEW-AND-FULL-SCORER-INTEGRATION-001/IMPLEMENTATION_SUMMARY.md","DOCUMENTATION_HISTORICAL","KEEP_HISTORICAL","MEDIUM","false","CHARROPRO-PENDING-REVIEW-AND-FULL-SCORER-INTEGRATION-001/FILES_CHANGED.md (DOCUMENTATION_ONLY_REFERENCE)"
"CHARROPRO-PENDING-REVIEW-AND-FULL-SCORER-INTEGRATION-001/PENDING_REVIEW_CONTRACT.md","DOCUMENTATION_HISTORICAL","KEEP_HISTORICAL","MEDIUM","false","CHARROPRO-PENDING-REVIEW-AND-FULL-SCORER-INTEGRATION-001/FILES_CHANGED.md (DOCUMENTATION_ONLY_REFERENCE)"
"CHARROPRO-PENDING-REVIEW-AND-FULL-SCORER-INTEGRATION-001/TEST_EVIDENCE.md","DOCUMENTATION_HISTORICAL","KEEP_HISTORICAL","MEDIUM","false","CHARROPRO-PENDING-REVIEW-AND-FULL-SCORER-INTEGRATION-001/FILES_CHANGED.md (DOCUMENTATION_ONLY_REFERENCE)"
"CHARROPRO-PRODUCTION-RULE-PROFILE-AND-SCORER-UI-VERIFICATION-001/FILES_CHANGED.md","DOCUMENTATION_HISTORICAL","KEEP_HISTORICAL","MEDIUM","false","no parsed consumer; path/role classification requires review"
"CHARROPRO-PRODUCTION-RULE-PROFILE-AND-SCORER-UI-VERIFICATION-001/IMPLEMENTATION_SUMMARY.md","DOCUMENTATION_HISTORICAL","KEEP_HISTORICAL","MEDIUM","false","CHARROPRO-PRODUCTION-RULE-PROFILE-AND-SCORER-UI-VERIFICATION-001/FILES_CHANGED.md (DOCUMENTATION_ONLY_REFERENCE)"
"CHARROPRO-PRODUCTION-RULE-PROFILE-AND-SCORER-UI-VERIFICATION-001/PRODUCTION_EVIDENCE.md","DOCUMENTATION_HISTORICAL","KEEP_HISTORICAL","MEDIUM","false","CHARROPRO-PRODUCTION-RULE-PROFILE-AND-SCORER-UI-VERIFICATION-001/FILES_CHANGED.md (DOCUMENTATION_ONLY_REFERENCE)"
"CHARROPRO-PRODUCTION-RULE-PROFILE-AND-SCORER-UI-VERIFICATION-001/PRODUCTION_RULE_PROFILE_AUDIT.md","DOCUMENTATION_HISTORICAL","KEEP_HISTORICAL","MEDIUM","false","CHARROPRO-PRODUCTION-RULE-PROFILE-AND-SCORER-UI-VERIFICATION-001/FILES_CHANGED.md (DOCUMENTATION_ONLY_REFERENCE)"
"CHARROPRO-PRODUCTION-RULE-PROFILE-AND-SCORER-UI-VERIFICATION-001/PROJECTION_RULES_AUDIT.md","DOCUMENTATION_HISTORICAL","KEEP_HISTORICAL","MEDIUM","false","CHARROPRO-PRODUCTION-RULE-PROFILE-AND-SCORER-UI-VERIFICATION-001/FILES_CHANGED.md (DOCUMENTATION_ONLY_REFERENCE)"
"CHARROPRO-PRODUCTION-RULE-PROFILE-AND-SCORER-UI-VERIFICATION-001/ROOT_CAUSE.md","DOCUMENTATION_HISTORICAL","KEEP_HISTORICAL","MEDIUM","false","CHARROPRO-PRODUCTION-RULE-PROFILE-AND-SCORER-UI-VERIFICATION-001/FILES_CHANGED.md (DOCUMENTATION_ONLY_REFERENCE)"
"CHARROPRO-PRODUCTION-RULE-PROFILE-AND-SCORER-UI-VERIFICATION-001/RULE_PROFILE_BINDING_CONTRACT.md","DOCUMENTATION_HISTORICAL","KEEP_HISTORICAL","MEDIUM","false","CHARROPRO-PRODUCTION-RULE-PROFILE-AND-SCORER-UI-VERIFICATION-001/FILES_CHANGED.md (DOCUMENTATION_ONLY_REFERENCE)"
"CHARROPRO-PRODUCTION-RULE-PROFILE-AND-SCORER-UI-VERIFICATION-001/SCORER_UI_COMPARISON.md","DOCUMENTATION_HISTORICAL","KEEP_HISTORICAL","MEDIUM","false","CHARROPRO-PRODUCTION-RULE-PROFILE-AND-SCORER-UI-VERIFICATION-001/FILES_CHANGED.md (DOCUMENTATION_ONLY_REFERENCE)"
"CHARROPRO-PRODUCTION-RULE-PROFILE-AND-SCORER-UI-VERIFICATION-001/TEST_EVIDENCE.md","DOCUMENTATION_HISTORICAL","KEEP_HISTORICAL","MEDIUM","false","CHARROPRO-PRODUCTION-RULE-PROFILE-AND-SCORER-UI-VERIFICATION-001/FILES_CHANGED.md (DOCUMENTATION_ONLY_REFERENCE)"
"CHARROPRO-PUBLIC-PROJECTION-LIVE-FEED-SCORE-PUBLISH-RECOVERY-001/FILES_CHANGED.md","DOCUMENTATION_HISTORICAL","KEEP_HISTORICAL","MEDIUM","false","no parsed consumer; path/role classification requires review"
"CHARROPRO-PUBLIC-PROJECTION-LIVE-FEED-SCORE-PUBLISH-RECOVERY-001/RISKS.md","DOCUMENTATION_HISTORICAL","KEEP_HISTORICAL","MEDIUM","false","CHARROPRO-PUBLIC-PROJECTION-LIVE-FEED-SCORE-PUBLISH-RECOVERY-001/FILES_CHANGED.md (DOCUMENTATION_ONLY_REFERENCE)"
"CHARROPRO-PUBLIC-PROJECTION-LIVE-FEED-SCORE-PUBLISH-RECOVERY-001/ROLLBACK.md","DOCUMENTATION_HISTORICAL","KEEP_HISTORICAL","MEDIUM","false","CHARROPRO-PUBLIC-PROJECTION-LIVE-FEED-SCORE-PUBLISH-RECOVERY-001/FILES_CHANGED.md (DOCUMENTATION_ONLY_REFERENCE)"
"CHARROPRO-PUBLIC-PROJECTION-LIVE-FEED-SCORE-PUBLISH-RECOVERY-001/SUMMARY.md","DOCUMENTATION_HISTORICAL","KEEP_HISTORICAL","MEDIUM","false","CHARROPRO-PUBLIC-PROJECTION-LIVE-FEED-SCORE-PUBLISH-RECOVERY-001/FILES_CHANGED.md (DOCUMENTATION_ONLY_REFERENCE)"
"CHARROPRO-PUBLIC-PROJECTION-LIVE-FEED-SCORE-PUBLISH-RECOVERY-001/TEST_RESULTS.md","DOCUMENTATION_HISTORICAL","KEEP_HISTORICAL","MEDIUM","false","CHARROPRO-PUBLIC-PROJECTION-LIVE-FEED-SCORE-PUBLISH-RECOVERY-001/FILES_CHANGED.md (DOCUMENTATION_ONLY_REFERENCE)"
"CHARROPRO-PUBLIC-PROJECTION-LIVE-FEED-SCORE-PUBLISH-RECOVERY-001/VALIDATION.md","DOCUMENTATION_HISTORICAL","KEEP_HISTORICAL","MEDIUM","false","CHARROPRO-PUBLIC-PROJECTION-LIVE-FEED-SCORE-PUBLISH-RECOVERY-001/FILES_CHANGED.md (DOCUMENTATION_ONLY_REFERENCE)"
"CHARROPRO-RELEASE-MANAGEMENT-001/DEPLOY_SEQUENCE.md","DOCUMENTATION_HISTORICAL","KEEP_HISTORICAL","MEDIUM","false","CHARROPRO-RELEASE-MANAGEMENT-001/FILES_CHANGED.md (DOCUMENTATION_ONLY_REFERENCE)"
"CHARROPRO-RELEASE-MANAGEMENT-001/FILES_CHANGED.md","DOCUMENTATION_HISTORICAL","KEEP_HISTORICAL","MEDIUM","false","no parsed consumer; path/role classification requires review"
"CHARROPRO-RELEASE-MANAGEMENT-001/POST_DEPLOY_CHECKLIST.md","DOCUMENTATION_HISTORICAL","KEEP_HISTORICAL","MEDIUM","false","CHARROPRO-RELEASE-MANAGEMENT-001/FILES_CHANGED.md (DOCUMENTATION_ONLY_REFERENCE)"
"CHARROPRO-RELEASE-MANAGEMENT-001/RELEASE_MANIFEST_TEMPLATE.md","DOCUMENTATION_HISTORICAL","KEEP_HISTORICAL","MEDIUM","false","CHARROPRO-RELEASE-MANAGEMENT-001/FILES_CHANGED.md (DOCUMENTATION_ONLY_REFERENCE)"
"CHARROPRO-RELEASE-MANAGEMENT-001/RELEASE_PROCESS.md","DOCUMENTATION_HISTORICAL","KEEP_HISTORICAL","MEDIUM","false","CHARROPRO-RELEASE-MANAGEMENT-001/FILES_CHANGED.md (DOCUMENTATION_ONLY_REFERENCE)"
"CHARROPRO-RELEASE-MANAGEMENT-001/RISKS.md","DOCUMENTATION_HISTORICAL","KEEP_HISTORICAL","MEDIUM","false","CHARROPRO-RELEASE-MANAGEMENT-001/FILES_CHANGED.md (DOCUMENTATION_ONLY_REFERENCE)"
"CHARROPRO-RELEASE-MANAGEMENT-001/ROLLBACK.md","DOCUMENTATION_HISTORICAL","KEEP_HISTORICAL","MEDIUM","false","CHARROPRO-RELEASE-MANAGEMENT-001/FILES_CHANGED.md (DOCUMENTATION_ONLY_REFERENCE)"
"CHARROPRO-RELEASE-MANAGEMENT-001/SUMMARY.md","DOCUMENTATION_HISTORICAL","KEEP_HISTORICAL","MEDIUM","false","CHARROPRO-RELEASE-MANAGEMENT-001/FILES_CHANGED.md (DOCUMENTATION_ONLY_REFERENCE)"
"CHARROPRO-RELEASE-MANAGEMENT-001/TEST_RESULTS.md","DOCUMENTATION_HISTORICAL","KEEP_HISTORICAL","MEDIUM","false","CHARROPRO-RELEASE-MANAGEMENT-001/FILES_CHANGED.md (DOCUMENTATION_ONLY_REFERENCE)"
"CHARROPRO-RELEASE-MANAGEMENT-001/VALIDATION.md","DOCUMENTATION_HISTORICAL","KEEP_HISTORICAL","MEDIUM","false","CHARROPRO-RELEASE-MANAGEMENT-001/FILES_CHANGED.md (DOCUMENTATION_ONLY_REFERENCE)"
"CHARROPRO-RULE-PROFILE-ENGINE-001/FILES_CHANGED.md","DOCUMENTATION_HISTORICAL","KEEP_HISTORICAL","MEDIUM","false","no parsed consumer; path/role classification requires review"
"CHARROPRO-RULE-PROFILE-ENGINE-001/RULE_PROFILE_COMPATIBILITY_MATRIX.md","DOCUMENTATION_HISTORICAL","KEEP_HISTORICAL","MEDIUM","false","CHARROPRO-RULE-PROFILE-ENGINE-001/FILES_CHANGED.md (DOCUMENTATION_ONLY_REFERENCE)"
"CHARROPRO-RULE-PROFILE-ENGINE-001/RULE_PROFILE_DATA_CONTRACT.md","DOCUMENTATION_HISTORICAL","KEEP_HISTORICAL","MEDIUM","false","CHARROPRO-RULE-PROFILE-ENGINE-001/FILES_CHANGED.md (DOCUMENTATION_ONLY_REFERENCE)"
"CHARROPRO-RULE-PROFILE-ENGINE-001/RULE_PROFILE_ENGINE_ARCHITECTURE.md","DOCUMENTATION_HISTORICAL","KEEP_HISTORICAL","MEDIUM","false","CHARROPRO-RULE-PROFILE-ENGINE-001/FILES_CHANGED.md (DOCUMENTATION_ONLY_REFERENCE)"
"CHARROPRO-RULE-PROFILE-ENGINE-001/RULE_PROFILE_RESOLUTION_PRECEDENCE.md","DOCUMENTATION_HISTORICAL","KEEP_HISTORICAL","MEDIUM","false","CHARROPRO-RULE-PROFILE-ENGINE-001/FILES_CHANGED.md (DOCUMENTATION_ONLY_REFERENCE)"
"CHARROPRO-RULE-PROFILE-ENGINE-001/RULE_PROFILE_TEST_EVIDENCE.md","DOCUMENTATION_HISTORICAL","KEEP_HISTORICAL","MEDIUM","false","CHARROPRO-RULE-PROFILE-ENGINE-001/FILES_CHANGED.md (DOCUMENTATION_ONLY_REFERENCE)"
"CHARROPRO-RULE-PROFILE-PRODUCTION-LIFECYCLE-AUTHORITY-001/ARCHITECTURE.md","DOCUMENTATION_HISTORICAL","KEEP_HISTORICAL","MEDIUM","false","CHARROPRO-RULE-PROFILE-PRODUCTION-LIFECYCLE-AUTHORITY-001/FILES_CHANGED.md (DOCUMENTATION_ONLY_REFERENCE)"
"CHARROPRO-RULE-PROFILE-PRODUCTION-LIFECYCLE-AUTHORITY-001/FILES_CHANGED.md","DOCUMENTATION_HISTORICAL","KEEP_HISTORICAL","MEDIUM","false","no parsed consumer; path/role classification requires review"
"CHARROPRO-RULE-PROFILE-PRODUCTION-LIFECYCLE-AUTHORITY-001/IMPLEMENTATION_SUMMARY.md","DOCUMENTATION_HISTORICAL","KEEP_HISTORICAL","MEDIUM","false","CHARROPRO-RULE-PROFILE-PRODUCTION-LIFECYCLE-AUTHORITY-001/FILES_CHANGED.md (DOCUMENTATION_ONLY_REFERENCE)"
"CHARROPRO-RULE-PROFILE-PRODUCTION-LIFECYCLE-AUTHORITY-001/LIFECYCLE_CONTRACT.md","DOCUMENTATION_HISTORICAL","KEEP_HISTORICAL","MEDIUM","false","CHARROPRO-RULE-PROFILE-PRODUCTION-LIFECYCLE-AUTHORITY-001/FILES_CHANGED.md (DOCUMENTATION_ONLY_REFERENCE)"
"CHARROPRO-RULE-PROFILE-PRODUCTION-LIFECYCLE-AUTHORITY-001/SECURITY_MODEL.md","DOCUMENTATION_HISTORICAL","KEEP_HISTORICAL","MEDIUM","false","CHARROPRO-RULE-PROFILE-PRODUCTION-LIFECYCLE-AUTHORITY-001/FILES_CHANGED.md (DOCUMENTATION_ONLY_REFERENCE)"
"CHARROPRO-SCORER-2026-BASELINE-AND-PRESERVATION-001/BASELINE_VALIDATION.md","DOCUMENTATION_HISTORICAL","KEEP_HISTORICAL","MEDIUM","false","CHARROPRO-SCORER-2026-BASELINE-AND-PRESERVATION-001/FILES_CHANGED.md (DOCUMENTATION_ONLY_REFERENCE)"
"CHARROPRO-SCORER-2026-BASELINE-AND-PRESERVATION-001/CURRENT_SCORER_COMPONENT_MAP.md","DOCUMENTATION_HISTORICAL","KEEP_HISTORICAL","MEDIUM","false","CHARROPRO-SCORER-2026-BASELINE-AND-PRESERVATION-001/FILES_CHANGED.md (DOCUMENTATION_ONLY_REFERENCE)"
"CHARROPRO-SCORER-2026-BASELINE-AND-PRESERVATION-001/FILES_CHANGED.md","DOCUMENTATION_HISTORICAL","KEEP_HISTORICAL","MEDIUM","false","no parsed consumer; path/role classification requires review"
"CHARROPRO-SCORER-2026-BASELINE-AND-PRESERVATION-001/SCORER_2026_FREEZE_LIST.md","DOCUMENTATION_HISTORICAL","KEEP_HISTORICAL","MEDIUM","false","CHARROPRO-SCORER-2026-BASELINE-AND-PRESERVATION-001/FILES_CHANGED.md (DOCUMENTATION_ONLY_REFERENCE)"
"CHARROPRO-SCORER-2026-BASELINE-AND-PRESERVATION-001/SCORER_2026_PRESERVATION_CONTRACT.md","DOCUMENTATION_HISTORICAL","KEEP_HISTORICAL","MEDIUM","false","CHARROPRO-SCORER-2026-BASELINE-AND-PRESERVATION-001/FILES_CHANGED.md (DOCUMENTATION_ONLY_REFERENCE)"
"CHARROPRO-SCORER-2026-BASELINE-AND-PRESERVATION-001/SCORER_2026_REUSE_MATRIX.md","DOCUMENTATION_HISTORICAL","KEEP_HISTORICAL","MEDIUM","false","CHARROPRO-SCORER-2026-BASELINE-AND-PRESERVATION-001/FILES_CHANGED.md (DOCUMENTATION_ONLY_REFERENCE)"
"CHARROPRO-SCORER-INFORMATION-HIERARCHY-COMPACTION-001/FILES_CHANGED.md","DOCUMENTATION_HISTORICAL","KEEP_HISTORICAL","MEDIUM","false","no parsed consumer; path/role classification requires review"
"CHARROPRO-SCORER-INFORMATION-HIERARCHY-COMPACTION-001/IMPLEMENTATION_SUMMARY.md","DOCUMENTATION_HISTORICAL","KEEP_HISTORICAL","MEDIUM","false","CHARROPRO-SCORER-INFORMATION-HIERARCHY-COMPACTION-001/FILES_CHANGED.md (DOCUMENTATION_ONLY_REFERENCE)"
"CHARROPRO-SCORER-INFORMATION-HIERARCHY-COMPACTION-001/TEST_EVIDENCE.md","DOCUMENTATION_HISTORICAL","KEEP_HISTORICAL","MEDIUM","false","CHARROPRO-SCORER-INFORMATION-HIERARCHY-COMPACTION-001/FILES_CHANGED.md (DOCUMENTATION_ONLY_REFERENCE)"
"CHARROPRO-SCORER-INFORMATION-HIERARCHY-COMPACTION-001/UX_HIERARCHY_CONTRACT.md","DOCUMENTATION_HISTORICAL","KEEP_HISTORICAL","MEDIUM","false","CHARROPRO-SCORER-INFORMATION-HIERARCHY-COMPACTION-001/FILES_CHANGED.md (DOCUMENTATION_ONLY_REFERENCE)"
"CHARROPRO-SCORER-OPERATIONAL-STABILIZATION-CHECKPOINT-001/FILES_CHANGED.md","DOCUMENTATION_HISTORICAL","KEEP_HISTORICAL","MEDIUM","false","CHARROPRO-SCORER-OPERATIONAL-STABILIZATION-CHECKPOINT-001/WORKING_TREE_AUDIT.md (DOCUMENTATION_ONLY_REFERENCE)"
"CHARROPRO-SCORER-OPERATIONAL-STABILIZATION-CHECKPOINT-001/FUNCTIONAL_CONTRACTS.md","DOCUMENTATION_HISTORICAL","KEEP_HISTORICAL","MEDIUM","false","CHARROPRO-SCORER-OPERATIONAL-STABILIZATION-CHECKPOINT-001/WORKING_TREE_AUDIT.md (DOCUMENTATION_ONLY_REFERENCE)"
"CHARROPRO-SCORER-OPERATIONAL-STABILIZATION-CHECKPOINT-001/IMPLEMENTATION_SUMMARY.md","DOCUMENTATION_HISTORICAL","KEEP_HISTORICAL","MEDIUM","false","CHARROPRO-SCORER-OPERATIONAL-STABILIZATION-CHECKPOINT-001/WORKING_TREE_AUDIT.md (DOCUMENTATION_ONLY_REFERENCE)"
"CHARROPRO-SCORER-OPERATIONAL-STABILIZATION-CHECKPOINT-001/KNOWN_LIMITATIONS.md","DOCUMENTATION_HISTORICAL","KEEP_HISTORICAL","MEDIUM","false","CHARROPRO-SCORER-OPERATIONAL-STABILIZATION-CHECKPOINT-001/WORKING_TREE_AUDIT.md (DOCUMENTATION_ONLY_REFERENCE)"
"CHARROPRO-SCORER-OPERATIONAL-STABILIZATION-CHECKPOINT-001/NEXT_ROADMAP.md","DOCUMENTATION_HISTORICAL","KEEP_HISTORICAL","MEDIUM","false","CHARROPRO-SCORER-OPERATIONAL-STABILIZATION-CHECKPOINT-001/WORKING_TREE_AUDIT.md (DOCUMENTATION_ONLY_REFERENCE)"
"CHARROPRO-SCORER-OPERATIONAL-STABILIZATION-CHECKPOINT-001/RESPONSIVE_CHECKPOINT.md","DOCUMENTATION_HISTORICAL","KEEP_HISTORICAL","MEDIUM","false","CHARROPRO-SCORER-OPERATIONAL-STABILIZATION-CHECKPOINT-001/WORKING_TREE_AUDIT.md (DOCUMENTATION_ONLY_REFERENCE)"
"CHARROPRO-SCORER-OPERATIONAL-STABILIZATION-CHECKPOINT-001/RULE_PROFILE_CHECKPOINT.md","DOCUMENTATION_HISTORICAL","KEEP_HISTORICAL","MEDIUM","false","CHARROPRO-SCORER-OPERATIONAL-STABILIZATION-CHECKPOINT-001/WORKING_TREE_AUDIT.md (DOCUMENTATION_ONLY_REFERENCE)"
"CHARROPRO-SCORER-OPERATIONAL-STABILIZATION-CHECKPOINT-001/TERNA_CHECKPOINT.md","DOCUMENTATION_HISTORICAL","KEEP_HISTORICAL","MEDIUM","false","CHARROPRO-SCORER-OPERATIONAL-STABILIZATION-CHECKPOINT-001/WORKING_TREE_AUDIT.md (DOCUMENTATION_ONLY_REFERENCE)"
"CHARROPRO-SCORER-OPERATIONAL-STABILIZATION-CHECKPOINT-001/TEST_EVIDENCE.md","DOCUMENTATION_HISTORICAL","KEEP_HISTORICAL","MEDIUM","false","CHARROPRO-SCORER-OPERATIONAL-STABILIZATION-CHECKPOINT-001/WORKING_TREE_AUDIT.md (DOCUMENTATION_ONLY_REFERENCE)"
"CHARROPRO-SCORER-OPERATIONAL-STABILIZATION-CHECKPOINT-001/WORKING_TREE_AUDIT.md","DOCUMENTATION_HISTORICAL","KEEP_HISTORICAL","MEDIUM","false","no parsed consumer; path/role classification requires review"
"CHARROPRO-SCORER-RESPONSIVE-COMPONENT-SYSTEM-001/FILES_CHANGED.md","DOCUMENTATION_HISTORICAL","KEEP_HISTORICAL","MEDIUM","false","no parsed consumer; path/role classification requires review"
"CHARROPRO-SCORER-RESPONSIVE-COMPONENT-SYSTEM-001/SCORER_COMPONENT_CATALOG.md","DOCUMENTATION_HISTORICAL","KEEP_HISTORICAL","MEDIUM","false","CHARROPRO-SCORER-RESPONSIVE-COMPONENT-SYSTEM-001/FILES_CHANGED.md (DOCUMENTATION_ONLY_REFERENCE)"
"CHARROPRO-SCORER-RESPONSIVE-COMPONENT-SYSTEM-001/SCORER_RESPONSIVE_BREAKPOINTS.md","DOCUMENTATION_HISTORICAL","KEEP_HISTORICAL","MEDIUM","false","CHARROPRO-SCORER-RESPONSIVE-COMPONENT-SYSTEM-001/FILES_CHANGED.md (DOCUMENTATION_ONLY_REFERENCE)"
"CHARROPRO-SCORER-RESPONSIVE-COMPONENT-SYSTEM-001/SCORER_RESPONSIVE_COMPONENT_ARCHITECTURE.md","DOCUMENTATION_HISTORICAL","KEEP_HISTORICAL","MEDIUM","false","CHARROPRO-SCORER-RESPONSIVE-COMPONENT-SYSTEM-001/FILES_CHANGED.md (DOCUMENTATION_ONLY_REFERENCE)"
"CHARROPRO-SCORER-RESPONSIVE-COMPONENT-SYSTEM-001/SCORER_RESPONSIVE_LAYOUT_CONTRACT.md","DOCUMENTATION_HISTORICAL","KEEP_HISTORICAL","MEDIUM","false","CHARROPRO-SCORER-RESPONSIVE-COMPONENT-SYSTEM-001/FILES_CHANGED.md (DOCUMENTATION_ONLY_REFERENCE)"
"CHARROPRO-SCORER-RESPONSIVE-COMPONENT-SYSTEM-001/SCORER_RESPONSIVE_TEST_EVIDENCE.md","DOCUMENTATION_HISTORICAL","KEEP_HISTORICAL","MEDIUM","false","CHARROPRO-SCORER-RESPONSIVE-COMPONENT-SYSTEM-001/FILES_CHANGED.md (DOCUMENTATION_ONLY_REFERENCE)"
"CHARROPRO-SCORER-RESPONSIVE-COMPONENT-SYSTEM-001/evidence/cala-punta.jpg","FIXTURE","KEEP_CERTIFICATION_EVIDENCE","MEDIUM","false","CHARROPRO-SCORER-RESPONSIVE-COMPONENT-SYSTEM-001/FILES_CHANGED.md (DOCUMENTATION_ONLY_REFERENCE)"
"CHARROPRO-SCORER-RESPONSIVE-COMPONENT-SYSTEM-001/evidence/desktop-summary.jpg","FIXTURE","KEEP_CERTIFICATION_EVIDENCE","MEDIUM","false","CHARROPRO-SCORER-RESPONSIVE-COMPONENT-SYSTEM-001/FILES_CHANGED.md (DOCUMENTATION_ONLY_REFERENCE)"
"CHARROPRO-SCORER-RESPONSIVE-COMPONENT-SYSTEM-001/evidence/ipad-landscape-rules.jpg","FIXTURE","KEEP_CERTIFICATION_EVIDENCE","MEDIUM","false","CHARROPRO-SCORER-RESPONSIVE-COMPONENT-SYSTEM-001/FILES_CHANGED.md (DOCUMENTATION_ONLY_REFERENCE)"
"CHARROPRO-SCORER-RESPONSIVE-COMPONENT-SYSTEM-001/evidence/ipad-portrait-evidence.jpg","FIXTURE","KEEP_CERTIFICATION_EVIDENCE","MEDIUM","false","CHARROPRO-SCORER-RESPONSIVE-COMPONENT-SYSTEM-001/FILES_CHANGED.md (DOCUMENTATION_ONLY_REFERENCE)"
"CHARROPRO-SCORER-SAVE-AND-NEXT-LATENCY-AUDIT-001/FILES_CHANGED.md","DOCUMENTATION_HISTORICAL","KEEP_HISTORICAL","MEDIUM","false","no parsed consumer; path/role classification requires review"
"CHARROPRO-SCORER-SAVE-AND-NEXT-LATENCY-AUDIT-001/LATENCY_RESULTS.md","DOCUMENTATION_HISTORICAL","KEEP_HISTORICAL","MEDIUM","false","CHARROPRO-SCORER-SAVE-AND-NEXT-LATENCY-AUDIT-001/FILES_CHANGED.md (DOCUMENTATION_ONLY_REFERENCE)"
"CHARROPRO-SCORER-SAVE-AND-NEXT-LATENCY-AUDIT-001/RISKS.md","DOCUMENTATION_HISTORICAL","KEEP_HISTORICAL","MEDIUM","false","CHARROPRO-SCORER-SAVE-AND-NEXT-LATENCY-AUDIT-001/FILES_CHANGED.md (DOCUMENTATION_ONLY_REFERENCE)"
"CHARROPRO-SCORER-SAVE-AND-NEXT-LATENCY-AUDIT-001/SUMMARY.md","DOCUMENTATION_HISTORICAL","KEEP_HISTORICAL","MEDIUM","false","CHARROPRO-SCORER-SAVE-AND-NEXT-LATENCY-AUDIT-001/FILES_CHANGED.md (DOCUMENTATION_ONLY_REFERENCE)"
"CHARROPRO-SCORER-SCREEN-BY-SCREEN-UX-REFINEMENT-001/FILES_CHANGED.md","DOCUMENTATION_HISTORICAL","KEEP_HISTORICAL","MEDIUM","false","no parsed consumer; path/role classification requires review"
"CHARROPRO-SCORER-SCREEN-BY-SCREEN-UX-REFINEMENT-001/IMPLEMENTATION_SUMMARY.md","DOCUMENTATION_HISTORICAL","KEEP_HISTORICAL","MEDIUM","false","no parsed consumer; path/role classification requires review"
"CHARROPRO-SCORER-SCREEN-BY-SCREEN-UX-REFINEMENT-001/SCREEN_LAYOUT_CONTRACT.md","DOCUMENTATION_HISTORICAL","KEEP_HISTORICAL","MEDIUM","false","no parsed consumer; path/role classification requires review"
"CHARROPRO-SCORER-SCREEN-BY-SCREEN-UX-REFINEMENT-001/TEST_EVIDENCE.md","DOCUMENTATION_HISTORICAL","KEEP_HISTORICAL","MEDIUM","false","no parsed consumer; path/role classification requires review"
"CHARROPRO-SCORER-SCREEN-BY-SCREEN-UX-REFINEMENT-001/TIMER_UI_AND_TRANSITION_AUDIT.md","DOCUMENTATION_HISTORICAL","KEEP_HISTORICAL","MEDIUM","false","no parsed consumer; path/role classification requires review"
"CHARROPRO-SCORER-WORKSPACE-VIEWPORT-COMPACTION-001/FILES_CHANGED.md","DOCUMENTATION_HISTORICAL","KEEP_HISTORICAL","MEDIUM","false","no parsed consumer; path/role classification requires review"
"CHARROPRO-SCORER-WORKSPACE-VIEWPORT-COMPACTION-001/IMPLEMENTATION_SUMMARY.md","DOCUMENTATION_HISTORICAL","KEEP_HISTORICAL","MEDIUM","false","no parsed consumer; path/role classification requires review"
"CHARROPRO-SCORER-WORKSPACE-VIEWPORT-COMPACTION-001/MANGANAS_LAYOUT_CONTRACT.md","DOCUMENTATION_HISTORICAL","KEEP_HISTORICAL","MEDIUM","false","no parsed consumer; path/role classification requires review"
"CHARROPRO-SCORER-WORKSPACE-VIEWPORT-COMPACTION-001/TEST_EVIDENCE.md","DOCUMENTATION_HISTORICAL","KEEP_HISTORICAL","MEDIUM","false","no parsed consumer; path/role classification requires review"
"CHARROPRO-SCORER-WORKSPACE-VIEWPORT-COMPACTION-001/VIEWPORT_LAYOUT_CONTRACT.md","DOCUMENTATION_HISTORICAL","KEEP_HISTORICAL","MEDIUM","false","no parsed consumer; path/role classification requires review"
"CHARROPRO-SCORING-ATTEMPT-MODEL-V2-001/FILES_CHANGED.md","DOCUMENTATION_HISTORICAL","KEEP_HISTORICAL","MEDIUM","false","no parsed consumer; path/role classification requires review"
"CHARROPRO-SCORING-ATTEMPT-MODEL-V2-001/SCORING_ATTEMPT_V2_ARCHITECTURE.md","DOCUMENTATION_HISTORICAL","KEEP_HISTORICAL","MEDIUM","false","no parsed consumer; path/role classification requires review"
"CHARROPRO-SCORING-ATTEMPT-MODEL-V2-001/SCORING_ATTEMPT_V2_DATA_CONTRACT.md","DOCUMENTATION_HISTORICAL","KEEP_HISTORICAL","MEDIUM","false","no parsed consumer; path/role classification requires review"
"CHARROPRO-SCORING-ATTEMPT-MODEL-V2-001/SCORING_ATTEMPT_V2_LEGACY_COMPATIBILITY.md","DOCUMENTATION_HISTORICAL","KEEP_HISTORICAL","MEDIUM","false","no parsed consumer; path/role classification requires review"
"CHARROPRO-SCORING-ATTEMPT-MODEL-V2-001/SCORING_ATTEMPT_V2_STATE_SEMANTICS.md","DOCUMENTATION_HISTORICAL","KEEP_HISTORICAL","MEDIUM","false","no parsed consumer; path/role classification requires review"
"CHARROPRO-SCORING-ATTEMPT-MODEL-V2-001/SCORING_ATTEMPT_V2_TEST_EVIDENCE.md","DOCUMENTATION_HISTORICAL","KEEP_HISTORICAL","MEDIUM","false","no parsed consumer; path/role classification requires review"
"CHARROPRO-TERNA-RULE-CATALOG-RESOLUTION-AUDIT-003/CATALOG_RESOLUTION_TRACE.md","DOCUMENTATION_HISTORICAL","KEEP_HISTORICAL","MEDIUM","false","CHARROPRO-SCORER-OPERATIONAL-STABILIZATION-CHECKPOINT-001/WORKING_TREE_AUDIT.md (DOCUMENTATION_ONLY_REFERENCE), CHARROPRO-TERNA-RULE-CATALOG-RESOLUTION-AUDIT-003/FILES_CHANGED.md (DOCUMENTATION_ONLY_REFERENCE)"
"CHARROPRO-TERNA-RULE-CATALOG-RESOLUTION-AUDIT-003/FILES_CHANGED.md","DOCUMENTATION_HISTORICAL","KEEP_HISTORICAL","MEDIUM","false","CHARROPRO-SCORER-OPERATIONAL-STABILIZATION-CHECKPOINT-001/WORKING_TREE_AUDIT.md (DOCUMENTATION_ONLY_REFERENCE)"
"CHARROPRO-TERNA-RULE-CATALOG-RESOLUTION-AUDIT-003/IMPLEMENTATION_SUMMARY.md","DOCUMENTATION_HISTORICAL","KEEP_HISTORICAL","MEDIUM","false","CHARROPRO-SCORER-OPERATIONAL-STABILIZATION-CHECKPOINT-001/WORKING_TREE_AUDIT.md (DOCUMENTATION_ONLY_REFERENCE), CHARROPRO-TERNA-RULE-CATALOG-RESOLUTION-AUDIT-003/FILES_CHANGED.md (DOCUMENTATION_ONLY_REFERENCE)"
"CHARROPRO-TERNA-RULE-CATALOG-RESOLUTION-AUDIT-003/LOCAL_RESET_SEED_AUDIT.md","DOCUMENTATION_HISTORICAL","KEEP_HISTORICAL","MEDIUM","false","CHARROPRO-SCORER-OPERATIONAL-STABILIZATION-CHECKPOINT-001/WORKING_TREE_AUDIT.md (DOCUMENTATION_ONLY_REFERENCE), CHARROPRO-TERNA-RULE-CATALOG-RESOLUTION-AUDIT-003/FILES_CHANGED.md (DOCUMENTATION_ONLY_REFERENCE)"
"CHARROPRO-TERNA-RULE-CATALOG-RESOLUTION-AUDIT-003/NEW_CHARREADA_INHERITANCE_AUDIT.md","DOCUMENTATION_HISTORICAL","KEEP_HISTORICAL","MEDIUM","false","CHARROPRO-SCORER-OPERATIONAL-STABILIZATION-CHECKPOINT-001/WORKING_TREE_AUDIT.md (DOCUMENTATION_ONLY_REFERENCE), CHARROPRO-TERNA-RULE-CATALOG-RESOLUTION-AUDIT-003/FILES_CHANGED.md (DOCUMENTATION_ONLY_REFERENCE)"
"CHARROPRO-TERNA-RULE-CATALOG-RESOLUTION-AUDIT-003/ROOT_CAUSE.md","DOCUMENTATION_HISTORICAL","KEEP_HISTORICAL","MEDIUM","false","CHARROPRO-SCORER-OPERATIONAL-STABILIZATION-CHECKPOINT-001/WORKING_TREE_AUDIT.md (DOCUMENTATION_ONLY_REFERENCE), CHARROPRO-TERNA-RULE-CATALOG-RESOLUTION-AUDIT-003/FILES_CHANGED.md (DOCUMENTATION_ONLY_REFERENCE)"
"CHARROPRO-TERNA-RULE-CATALOG-RESOLUTION-AUDIT-003/RULE_PROFILE_TRACE.md","DOCUMENTATION_HISTORICAL","KEEP_HISTORICAL","MEDIUM","false","CHARROPRO-SCORER-OPERATIONAL-STABILIZATION-CHECKPOINT-001/WORKING_TREE_AUDIT.md (DOCUMENTATION_ONLY_REFERENCE), CHARROPRO-TERNA-RULE-CATALOG-RESOLUTION-AUDIT-003/FILES_CHANGED.md (DOCUMENTATION_ONLY_REFERENCE)"
"CHARROPRO-TERNA-RULE-CATALOG-RESOLUTION-AUDIT-003/TEST_EVIDENCE.md","DOCUMENTATION_HISTORICAL","KEEP_HISTORICAL","MEDIUM","false","CHARROPRO-SCORER-OPERATIONAL-STABILIZATION-CHECKPOINT-001/WORKING_TREE_AUDIT.md (DOCUMENTATION_ONLY_REFERENCE), CHARROPRO-TERNA-RULE-CATALOG-RESOLUTION-AUDIT-003/FILES_CHANGED.md (DOCUMENTATION_ONLY_REFERENCE)"
"CHARROPRO-WEB-CLIENT-EMULATOR-RUNTIME-INTEGRATION-001/AUDIT_RESUMPTION_GUIDE.md","DOCUMENTATION_HISTORICAL","KEEP_HISTORICAL","MEDIUM","false","no parsed consumer; path/role classification requires review"
"CHARROPRO-WEB-CLIENT-EMULATOR-RUNTIME-INTEGRATION-001/AUTH_EMULATOR_INTEGRATION.md","DOCUMENTATION_HISTORICAL","KEEP_HISTORICAL","MEDIUM","false","no parsed consumer; path/role classification requires review"
"CHARROPRO-WEB-CLIENT-EMULATOR-RUNTIME-INTEGRATION-001/CURRENT_RUNTIME_AUDIT.md","DOCUMENTATION_HISTORICAL","KEEP_HISTORICAL","MEDIUM","false","no parsed consumer; path/role classification requires review"
"CHARROPRO-WEB-CLIENT-EMULATOR-RUNTIME-INTEGRATION-001/ENVIRONMENT_MODEL.md","DOCUMENTATION_HISTORICAL","KEEP_HISTORICAL","MEDIUM","false","no parsed consumer; path/role classification requires review"
"CHARROPRO-WEB-CLIENT-EMULATOR-RUNTIME-INTEGRATION-001/FILES_CHANGED.md","DOCUMENTATION_HISTORICAL","KEEP_HISTORICAL","MEDIUM","false","no parsed consumer; path/role classification requires review"
"CHARROPRO-WEB-CLIENT-EMULATOR-RUNTIME-INTEGRATION-001/FUNCTIONS_EMULATOR_INTEGRATION.md","DOCUMENTATION_HISTORICAL","KEEP_HISTORICAL","MEDIUM","false","no parsed consumer; path/role classification requires review"
"CHARROPRO-WEB-CLIENT-EMULATOR-RUNTIME-INTEGRATION-001/LOCAL_FIREBASE_BOOTSTRAP.md","DOCUMENTATION_HISTORICAL","KEEP_HISTORICAL","MEDIUM","false","no parsed consumer; path/role classification requires review"
"CHARROPRO-WEB-CLIENT-EMULATOR-RUNTIME-INTEGRATION-001/LOCAL_OPERATION_GUIDE.md","DOCUMENTATION_HISTORICAL","KEEP_HISTORICAL","MEDIUM","false","no parsed consumer; path/role classification requires review"
"CHARROPRO-WEB-CLIENT-EMULATOR-RUNTIME-INTEGRATION-001/PRODUCTION_GUARDS.md","DOCUMENTATION_HISTORICAL","KEEP_HISTORICAL","MEDIUM","false","no parsed consumer; path/role classification requires review"
"CHARROPRO-WEB-CLIENT-EMULATOR-RUNTIME-INTEGRATION-001/RISKS.md","DOCUMENTATION_HISTORICAL","KEEP_HISTORICAL","MEDIUM","false","no parsed consumer; path/role classification requires review"
"CHARROPRO-WEB-CLIENT-EMULATOR-RUNTIME-INTEGRATION-001/ROLLBACK.md","DOCUMENTATION_HISTORICAL","KEEP_HISTORICAL","MEDIUM","false","no parsed consumer; path/role classification requires review"
"CHARROPRO-WEB-CLIENT-EMULATOR-RUNTIME-INTEGRATION-001/RTDB_EMULATOR_INTEGRATION.md","DOCUMENTATION_HISTORICAL","KEEP_HISTORICAL","MEDIUM","false","no parsed consumer; path/role classification requires review"
"CHARROPRO-WEB-CLIENT-EMULATOR-RUNTIME-INTEGRATION-001/SCORER_VISUAL_VALIDATION.md","DOCUMENTATION_HISTORICAL","KEEP_HISTORICAL","MEDIUM","false","no parsed consumer; path/role classification requires review"
"CHARROPRO-WEB-CLIENT-EMULATOR-RUNTIME-INTEGRATION-001/SCREENSHOT_INDEX.md","DOCUMENTATION_HISTORICAL","KEEP_HISTORICAL","MEDIUM","false","no parsed consumer; path/role classification requires review"
"CHARROPRO-WEB-CLIENT-EMULATOR-RUNTIME-INTEGRATION-001/STORAGE_EMULATOR_INTEGRATION.md","DOCUMENTATION_HISTORICAL","KEEP_HISTORICAL","MEDIUM","false","no parsed consumer; path/role classification requires review"
"CHARROPRO-WEB-CLIENT-EMULATOR-RUNTIME-INTEGRATION-001/SUMMARY.md","DOCUMENTATION_HISTORICAL","KEEP_HISTORICAL","MEDIUM","false","no parsed consumer; path/role classification requires review"
"CHARROPRO-WEB-CLIENT-EMULATOR-RUNTIME-INTEGRATION-001/SYNTHETIC_DATA.md","DOCUMENTATION_HISTORICAL","KEEP_HISTORICAL","MEDIUM","false","no parsed consumer; path/role classification requires review"
"CHARROPRO-WEB-CLIENT-EMULATOR-RUNTIME-INTEGRATION-001/SYNTHETIC_USERS.md","DOCUMENTATION_HISTORICAL","KEEP_HISTORICAL","MEDIUM","false","no parsed consumer; path/role classification requires review"
"CHARROPRO-WEB-CLIENT-EMULATOR-RUNTIME-INTEGRATION-001/TEST_RESULTS.md","DOCUMENTATION_HISTORICAL","KEEP_HISTORICAL","MEDIUM","false","no parsed consumer; path/role classification requires review"
"CHARROPRO-WEB-CLIENT-EMULATOR-RUNTIME-INTEGRATION-001/VALIDATION.md","DOCUMENTATION_HISTORICAL","KEEP_HISTORICAL","MEDIUM","false","no parsed consumer; path/role classification requires review"
"CHARROPRO_CORE_STABILIZATION_PROGRAM.md","DOCUMENTATION_CURRENT","KEEP_AUTHORITY","MEDIUM","false","CHARROPRO-OFFICIAL-SCORE-CONCURRENCY-001/FILES_CHANGED.md (DOCUMENTATION_ONLY_REFERENCE), CHARROPRO-OFFICIAL-SCORE-CONCURRENCY-001/RISKS.md (DOCUMENTATION_ONLY_REFERENCE), CHARROPRO-PUBLIC-PROJECTION-LIVE-FEED-SCORE-PUBLISH-RECOVERY-001/FILES_CHANGED.md (DOCUMENTATION_ONLY_REFERENCE), CHARROPRO-PUBLIC-PROJECTION-LIVE-FEED-SCORE-PUBLISH-RECOVERY-001/VALIDATION.md (DOCUMENTATION_ONLY_REFERENCE)"
"CHARROPRO_MASTER_AUDIT_ARCHITECTURE.md","DOCUMENTATION_CURRENT","KEEP_AUTHORITY","MEDIUM","false","CHARROPRO_CORE_STABILIZATION_PROGRAM.md (DOCUMENTATION_ONLY_REFERENCE)"
"CHARROPRO_MASTER_AUDIT_BROADCAST.md","DOCUMENTATION_CURRENT","KEEP_AUTHORITY","MEDIUM","false","CHARROPRO_CORE_STABILIZATION_PROGRAM.md (DOCUMENTATION_ONLY_REFERENCE)"
"CHARROPRO_MASTER_AUDIT_EVIDENCE.md","DOCUMENTATION_CURRENT","KEEP_AUTHORITY","MEDIUM","false","CHARROPRO_CORE_STABILIZATION_PROGRAM.md (DOCUMENTATION_ONLY_REFERENCE)"
"CHARROPRO_MASTER_AUDIT_EXECUTIVE_SUMMARY.md","DOCUMENTATION_CURRENT","KEEP_AUTHORITY","MEDIUM","false","CHARROPRO_CORE_STABILIZATION_PROGRAM.md (DOCUMENTATION_ONLY_REFERENCE)"
"CHARROPRO_MASTER_AUDIT_FINAL_VERDICT.md","DOCUMENTATION_CURRENT","KEEP_AUTHORITY","MEDIUM","false","CHARROPRO_CORE_STABILIZATION_PROGRAM.md (DOCUMENTATION_ONLY_REFERENCE), CHARROPRO_MASTER_AUDIT_EXECUTIVE_SUMMARY.md (DOCUMENTATION_ONLY_REFERENCE)"
"CHARROPRO_MASTER_AUDIT_FINDINGS.md","DOCUMENTATION_CURRENT","KEEP_AUTHORITY","MEDIUM","false","CHARROPRO_CORE_STABILIZATION_PROGRAM.md (DOCUMENTATION_ONLY_REFERENCE)"
"CHARROPRO_MASTER_AUDIT_FIREBASE.md","DOCUMENTATION_CURRENT","KEEP_AUTHORITY","MEDIUM","false","CHARROPRO_CORE_STABILIZATION_PROGRAM.md (DOCUMENTATION_ONLY_REFERENCE)"
"CHARROPRO_MASTER_AUDIT_MODULE_MATRIX.md","DOCUMENTATION_CURRENT","KEEP_AUTHORITY","MEDIUM","false","CHARROPRO_CORE_STABILIZATION_PROGRAM.md (DOCUMENTATION_ONLY_REFERENCE)"
"CHARROPRO_MASTER_AUDIT_PRODUCT.md","DOCUMENTATION_CURRENT","KEEP_AUTHORITY","MEDIUM","false","CHARROPRO_CORE_STABILIZATION_PROGRAM.md (DOCUMENTATION_ONLY_REFERENCE)"
"CHARROPRO_MASTER_AUDIT_ROADMAP.md","DOCUMENTATION_CURRENT","KEEP_AUTHORITY","MEDIUM","false","CHARROPRO_CORE_STABILIZATION_PROGRAM.md (DOCUMENTATION_ONLY_REFERENCE)"
"CHARROPRO_MASTER_AUDIT_SECURITY.md","DOCUMENTATION_CURRENT","KEEP_AUTHORITY","MEDIUM","false","CHARROPRO_CORE_STABILIZATION_PROGRAM.md (DOCUMENTATION_ONLY_REFERENCE)"
"CHARROPRO_MASTER_AUDIT_TESTING.md","DOCUMENTATION_CURRENT","KEEP_AUTHORITY","MEDIUM","false","CHARROPRO_CORE_STABILIZATION_PROGRAM.md (DOCUMENTATION_ONLY_REFERENCE)"
"CHARROPRO_MASTER_AUDIT_TICKETS.md","DOCUMENTATION_CURRENT","KEEP_AUTHORITY","MEDIUM","false","CHARROPRO_CORE_STABILIZATION_PROGRAM.md (DOCUMENTATION_ONLY_REFERENCE)"
"DESPLIEGUE_CHARROPRO.md","DOCUMENTATION_CURRENT","KEEP_AUTHORITY","MEDIUM","false","CHARROPRO-RELEASE-MANAGEMENT-001/RISKS.md (DOCUMENTATION_ONLY_REFERENCE)"
"FIREBASE_ROLES_SETUP.md","DOCUMENTATION_CURRENT","KEEP_AUTHORITY","MEDIUM","false","DESPLIEGUE_CHARROPRO.md (DOCUMENTATION_ONLY_REFERENCE)"
"PRODUCTION_CONSOLE_V1.md","DOCUMENTATION_CURRENT","KEEP_AUTHORITY","MEDIUM","false","DESPLIEGUE_CHARROPRO.md (DOCUMENTATION_ONLY_REFERENCE)"
"PRODUCTION_NAV_V1.md","DOCUMENTATION_CURRENT","KEEP_AUTHORITY","MEDIUM","false","DESPLIEGUE_CHARROPRO.md (DOCUMENTATION_ONLY_REFERENCE), tests/production-nav.test.mjs (CONFIG_REFERENCE)"
"PUBLIC_FOUNDATION_V1.md","DOCUMENTATION_CURRENT","KEEP_AUTHORITY","MEDIUM","false","DESPLIEGUE_CHARROPRO.md (DOCUMENTATION_ONLY_REFERENCE)"
"PUBLIC_PORTAL_CORE_V1.md","DOCUMENTATION_CURRENT","KEEP_AUTHORITY","MEDIUM","false","DESPLIEGUE_CHARROPRO.md (DOCUMENTATION_ONLY_REFERENCE)"
"PUBLIC_PORTAL_DESIGN_SYSTEM_V2.md","DOCUMENTATION_CURRENT","KEEP_AUTHORITY","MEDIUM","false","DESPLIEGUE_CHARROPRO.md (DOCUMENTATION_ONLY_REFERENCE)"
"PUBLIC_PORTAL_PROGRAM_UX_V1.md","DOCUMENTATION_CURRENT","KEEP_AUTHORITY","MEDIUM","false","DESPLIEGUE_CHARROPRO.md (DOCUMENTATION_ONLY_REFERENCE)"
"PUBLIC_PORTAL_UX_V1.md","DOCUMENTATION_CURRENT","KEEP_AUTHORITY","MEDIUM","false","DESPLIEGUE_CHARROPRO.md (DOCUMENTATION_ONLY_REFERENCE)"
"README.md","DOCUMENTATION_CURRENT","KEEP_AUTHORITY","MEDIUM","false","no parsed consumer; path/role classification requires review"
"SPRINT_001_OPERACION_PROFESIONAL.md","DOCUMENTATION_CURRENT","KEEP_AUTHORITY","MEDIUM","false","no parsed consumer; path/role classification requires review"
"announcer-monitor.html","PRODUCTIVE_BROADCAST","KEEP_PRODUCTIVE","HIGH","true","production-console.html (HTML_REFERENCE), production-console.html (CONFIG_REFERENCE), tests/announcer-monitor.test.mjs (TEST_ONLY_REFERENCE), BROADCAST_ANNOUNCER_MONITOR_V1.md (DOCUMENTATION_ONLY_REFERENCE), BROADCAST_REALTIME_LIVE_V1.md (DOCUMENTATION_ONLY_REFERENCE)"
"assets/fmch/official-format-2024-2028/conade-lockup.png","PRODUCTIVE_OFFICIAL_FORMAT","KEEP_AUTHORITY","HIGH","true","CHARROPRO-FMCH-OFFICIAL-TEAM-SHEET-HTML-PRINT-AND-GEOMETRY-FIDELITY-001/evidence/html/formato-fmch-semantico-paso-primera-vuelta.html (HTML_REFERENCE), CHARROPRO-FMCH-OFFICIAL-TEAM-SHEET-HTML-PRINT-AND-GEOMETRY-FIDELITY-001/evidence/html/formato-fmch-semantico-paso-primera-vuelta.html (CONFIG_REFERENCE), CHARROPRO-FMCH-OFFICIAL-TEAM-SHEET-HTML-PRINT-AND-GEOMETRY-FIDELITY-001/evidence/html/formato-fmch-semantico-paso-segunda-vuelta.html (HTML_REFERENCE), CHARROPRO-FMCH-OFFICIAL-TEAM-SHEET-HTML-PRINT-AND-GEOMETRY-FIDELITY-001/evidence/html/formato-fmch-semantico-paso-segunda-vuelta.html (CONFIG_REFERENCE), CHARROPRO-FMCH-OFFICIAL-DOCUMENT-DATA-MAPPING-001/FIELD_MAPPING.json (CONFIG_REFERENCE)"
"assets/fmch/official-format-2024-2028/fmch-emblem.png","PRODUCTIVE_OFFICIAL_FORMAT","KEEP_AUTHORITY","HIGH","true","CHARROPRO-FMCH-OFFICIAL-TEAM-SHEET-HTML-PRINT-AND-GEOMETRY-FIDELITY-001/evidence/html/formato-fmch-semantico-paso-primera-vuelta.html (HTML_REFERENCE), CHARROPRO-FMCH-OFFICIAL-TEAM-SHEET-HTML-PRINT-AND-GEOMETRY-FIDELITY-001/evidence/html/formato-fmch-semantico-paso-primera-vuelta.html (CONFIG_REFERENCE), CHARROPRO-FMCH-OFFICIAL-TEAM-SHEET-HTML-PRINT-AND-GEOMETRY-FIDELITY-001/evidence/html/formato-fmch-semantico-paso-segunda-vuelta.html (HTML_REFERENCE), CHARROPRO-FMCH-OFFICIAL-TEAM-SHEET-HTML-PRINT-AND-GEOMETRY-FIDELITY-001/evidence/html/formato-fmch-semantico-paso-segunda-vuelta.html (CONFIG_REFERENCE), tests/fixtures/official-format-web-geometry.html (TEST_ONLY_REFERENCE)"
"assets/fmch/official-format-2024-2028/manifest.json","PRODUCTIVE_OFFICIAL_FORMAT","KEEP_AUTHORITY","HIGH","true","tests/official-format-authoritative-snapshot.test.mjs (TEST_ONLY_REFERENCE), CHARROPRO-FMCH-OFFICIAL-DOCUMENT-DATA-MAPPING-001/FIELD_MAPPING.json (CONFIG_REFERENCE), CHARROPRO-FMCH-OFFICIAL-FORMAT-CERTIFICATION-STATE-RECONCILIATION-001/FILES_CHANGED.md (DOCUMENTATION_ONLY_REFERENCE), tests/official-format-authoritative-snapshot.test.mjs (CONFIG_REFERENCE)"
"assets/obs/barra.png","PRODUCTIVE_ASSET","KEEP_PRODUCTIVE","HIGH","true","js/broadcast/fixtures/componentRendererFixtures.js (CONFIG_REFERENCE), js/core/graphicsConfig.js (CONFIG_REFERENCE)"
"assets/obs/logo-och-dorado.png","PRODUCTIVE_ASSET","KEEP_PRODUCTIVE","HIGH","true","css/styles.css (CSS_REFERENCE), css/styles.css (CONFIG_REFERENCE), js/broadcast/fixtures/componentRendererFixtures.js (CONFIG_REFERENCE), js/core/graphicsConfig.js (CONFIG_REFERENCE)"
"assets/obs/logo-och-original.png","PRODUCTIVE_ASSET","KEEP_PRODUCTIVE","HIGH","true","torneo-publico.html (HTML_REFERENCE), torneo-publico.html (CONFIG_REFERENCE), js/publicPortal/portalApp.js (CONFIG_REFERENCE), js/publicPortal/portalRender.js (CONFIG_REFERENCE), tests/fixtures/publicPortalUxFixture.js (CONFIG_REFERENCE)"
"assets/obs/logo1.png","PRODUCTIVE_ASSET","KEEP_PRODUCTIVE","MEDIUM","false","no parsed consumer; path/role classification requires review"
"assets/obs/logo3.png","PRODUCTIVE_ASSET","KEEP_PRODUCTIVE","MEDIUM","false","no parsed consumer; path/role classification requires review"
"assets/themes/ejemplo-och/barra-marcador.svg","PRODUCTIVE_ASSET","KEEP_PRODUCTIVE","MEDIUM","false","no parsed consumer; path/role classification requires review"
"assets/themes/ejemplo-och/logo-medallon.svg","PRODUCTIVE_ASSET","KEEP_PRODUCTIVE","MEDIUM","false","no parsed consumer; path/role classification requires review"
"assets/themes/ejemplo-och/marca-agua.svg","PRODUCTIVE_ASSET","KEEP_PRODUCTIVE","MEDIUM","false","no parsed consumer; path/role classification requires review"
"assets/themes/ejemplo-och/panel-categoria.svg","PRODUCTIVE_ASSET","KEEP_PRODUCTIVE","MEDIUM","false","no parsed consumer; path/role classification requires review"
"assets/themes/ejemplo-och/panel-coleadero.svg","PRODUCTIVE_ASSET","KEEP_PRODUCTIVE","MEDIUM","false","no parsed consumer; path/role classification requires review"
"assets/themes/ejemplo-och/panel-cronometro.svg","PRODUCTIVE_ASSET","KEEP_PRODUCTIVE","MEDIUM","false","no parsed consumer; path/role classification requires review"
"assets/themes/ejemplo-och/panel-ranking.svg","PRODUCTIVE_ASSET","KEEP_PRODUCTIVE","MEDIUM","false","no parsed consumer; path/role classification requires review"
"assets/themes/ejemplo-och/panel-turno.svg","PRODUCTIVE_ASSET","KEEP_PRODUCTIVE","MEDIUM","false","no parsed consumer; path/role classification requires review"
"assets/themes/plantilla-subir/README.md","PRODUCTIVE_ASSET","KEEP_PRODUCTIVE","MEDIUM","false","no parsed consumer; path/role classification requires review"
"assets/themes/plantilla-subir/barra-marcador-bg.svg","PRODUCTIVE_ASSET","KEEP_PRODUCTIVE","MEDIUM","false","no parsed consumer; path/role classification requires review"
"assets/themes/plantilla-subir/categoria-bg.svg","PRODUCTIVE_ASSET","KEEP_PRODUCTIVE","MEDIUM","false","no parsed consumer; path/role classification requires review"
"assets/themes/plantilla-subir/coleadero-bg.svg","PRODUCTIVE_ASSET","KEEP_PRODUCTIVE","MEDIUM","false","no parsed consumer; path/role classification requires review"
"assets/themes/plantilla-subir/cronometro-bg.svg","PRODUCTIVE_ASSET","KEEP_PRODUCTIVE","MEDIUM","false","no parsed consumer; path/role classification requires review"
"assets/themes/plantilla-subir/foto-charro-frame.svg","PRODUCTIVE_ASSET","KEEP_PRODUCTIVE","MEDIUM","false","no parsed consumer; path/role classification requires review"
"assets/themes/plantilla-subir/guia-zonas.svg","PRODUCTIVE_ASSET","KEEP_PRODUCTIVE","MEDIUM","false","no parsed consumer; path/role classification requires review"
"assets/themes/plantilla-subir/marca-agua-bg.svg","PRODUCTIVE_ASSET","KEEP_PRODUCTIVE","MEDIUM","false","no parsed consumer; path/role classification requires review"
"assets/themes/plantilla-subir/ranking-bg.svg","PRODUCTIVE_ASSET","KEEP_PRODUCTIVE","MEDIUM","false","no parsed consumer; path/role classification requires review"
"assets/themes/plantilla-subir/turno-bg.svg","PRODUCTIVE_ASSET","KEEP_PRODUCTIVE","MEDIUM","false","no parsed consumer; path/role classification requires review"
"broadcast-playground.html","PRODUCTIVE_BROADCAST","KEEP_PRODUCTIVE","HIGH","true","tests/broadcast-playground.test.mjs (TEST_ONLY_REFERENCE), BROADCAST_PLAYGROUND_V1.md (DOCUMENTATION_ONLY_REFERENCE), CHARROPRO_MASTER_AUDIT_EVIDENCE.md (DOCUMENTATION_ONLY_REFERENCE), DESPLIEGUE_CHARROPRO.md (DOCUMENTATION_ONLY_REFERENCE), js/broadcast/broadcastAccessHub.js (CONFIG_REFERENCE)"
"broadcast-studio.html","PRODUCTIVE_BROADCAST","KEEP_PRODUCTIVE","HIGH","true","production-console.html (HTML_REFERENCE), production-console.html (CONFIG_REFERENCE), tests/broadcast-access-hub.test.mjs (TEST_ONLY_REFERENCE), tests/broadcast-studio-workspace.test.mjs (TEST_ONLY_REFERENCE), BROADCAST_ACCESS_AND_SYNC_V1.md (DOCUMENTATION_ONLY_REFERENCE)"
"browser-output.html","PRODUCTIVE_BROADCAST","KEEP_PRODUCTIVE","HIGH","true","production-console.html (HTML_REFERENCE), tests/browser-output.test.mjs (TEST_ONLY_REFERENCE), BROADCAST_BROWSER_OUTPUT_V1.md (DOCUMENTATION_ONLY_REFERENCE), CHARROPRO_MASTER_AUDIT_EVIDENCE.md (DOCUMENTATION_ONLY_REFERENCE), CHARROPRO_MASTER_AUDIT_MODULE_MATRIX.md (DOCUMENTATION_ONLY_REFERENCE)"
"cronometro-pantalla.html","PRODUCTIVE_ENTRYPOINT","KEEP_PRODUCTIVE","HIGH","true","CHARROPRO-FMCH-2026-JINETEOS-DYNAMIC-IMPLEMENTATION-001/FILES_CHANGED.md (DOCUMENTATION_ONLY_REFERENCE), CHARROPRO-FMCH-2026-MANGANAS-PASO-IMPLEMENTATION-001/FILES_CHANGED.md (DOCUMENTATION_ONLY_REFERENCE), CHARROPRO-FMCH-2026-PIALES-COLEADERO-IMPLEMENTATION-001/FILES_CHANGED.md (DOCUMENTATION_ONLY_REFERENCE), CHARROPRO-FMCH-2026-TERNA-COMPLETE-IMPLEMENTATION-001/FILES_CHANGED.md (DOCUMENTATION_ONLY_REFERENCE), CHARROPRO-OFFICIAL-TIMER-AUTHORITY-AND-SYNC-INTEGRATION-001/FILES_CHANGED.md (DOCUMENTATION_ONLY_REFERENCE)"
"cronometro.html","PRODUCTIVE_ENTRYPOINT","KEEP_PRODUCTIVE","HIGH","true","CHARROPRO-FMCH-2026-JINETEOS-DYNAMIC-IMPLEMENTATION-001/FILES_CHANGED.md (DOCUMENTATION_ONLY_REFERENCE), CHARROPRO-FMCH-2026-MANGANAS-PASO-IMPLEMENTATION-001/FILES_CHANGED.md (DOCUMENTATION_ONLY_REFERENCE), CHARROPRO-FMCH-2026-PIALES-COLEADERO-IMPLEMENTATION-001/FILES_CHANGED.md (DOCUMENTATION_ONLY_REFERENCE), CHARROPRO-FMCH-2026-TERNA-COMPLETE-IMPLEMENTATION-001/FILES_CHANGED.md (DOCUMENTATION_ONLY_REFERENCE), CHARROPRO-OFFICIAL-TIMER-AUTHORITY-AND-SYNC-INTEGRATION-001/FILES_CHANGED.md (DOCUMENTATION_ONLY_REFERENCE)"
"css/announcer-monitor.css","PRODUCTIVE_ASSET","KEEP_PRODUCTIVE","HIGH","true","announcer-monitor.html (HTML_REFERENCE), tests/announcer-monitor.test.mjs (TEST_ONLY_REFERENCE), DESPLIEGUE_CHARROPRO.md (DOCUMENTATION_ONLY_REFERENCE), announcer-monitor.html (CONFIG_REFERENCE), tests/announcer-monitor.test.mjs (CONFIG_REFERENCE)"
"css/broadcast-playground.css","PRODUCTIVE_ASSET","KEEP_PRODUCTIVE","HIGH","true","broadcast-playground.html (HTML_REFERENCE), broadcast-playground.html (CONFIG_REFERENCE)"
"css/broadcast-studio.css","PRODUCTIVE_ASSET","KEEP_PRODUCTIVE","HIGH","true","broadcast-studio.html (HTML_REFERENCE), tests/broadcast-access-hub.test.mjs (TEST_ONLY_REFERENCE), tests/broadcast-studio-workspace.test.mjs (TEST_ONLY_REFERENCE), broadcast-studio.html (CONFIG_REFERENCE), tests/broadcast-access-hub.test.mjs (CONFIG_REFERENCE)"
"css/browser-output.css","PRODUCTIVE_ASSET","KEEP_PRODUCTIVE","HIGH","true","browser-output.html (HTML_REFERENCE), tests/browser-output.test.mjs (TEST_ONLY_REFERENCE), browser-output.html (CONFIG_REFERENCE), tests/browser-output.test.mjs (CONFIG_REFERENCE)"
"css/production-console.css","PRODUCTIVE_ASSET","KEEP_PRODUCTIVE","HIGH","true","production-console.html (HTML_REFERENCE), tests/production-console.test.mjs (TEST_ONLY_REFERENCE), CHARROPRO_MASTER_AUDIT_EVIDENCE.md (DOCUMENTATION_ONLY_REFERENCE), production-console.html (CONFIG_REFERENCE), tests/production-console.test.mjs (CONFIG_REFERENCE)"
"css/program-main-output.css","PRODUCTIVE_ASSET","KEEP_PRODUCTIVE","HIGH","true","program-main-output.html (HTML_REFERENCE), tests/program-main-output.test.mjs (TEST_ONLY_REFERENCE), program-main-output.html (CONFIG_REFERENCE), tests/program-main-output.test.mjs (CONFIG_REFERENCE)"
"css/public-portal.css","PRODUCTIVE_ASSET","KEEP_PRODUCTIVE","HIGH","true","tests/fixtures/public-portal-ux.html (TEST_ONLY_REFERENCE), torneo-publico.html (HTML_REFERENCE), CHARROPRO_MASTER_AUDIT_EVIDENCE.md (DOCUMENTATION_ONLY_REFERENCE), DESPLIEGUE_CHARROPRO.md (DOCUMENTATION_ONLY_REFERENCE), PUBLIC_PORTAL_CORE_V1.md (DOCUMENTATION_ONLY_REFERENCE)"
"css/styles.css","PRODUCTIVE_ASSET","KEEP_PRODUCTIVE","HIGH","true","CHARROPRO-FMCH-OFFICIAL-TEAM-SHEET-HTML-PRINT-AND-GEOMETRY-FIDELITY-001/evidence/html/formato-fmch-semantico-paso-primera-vuelta.html (HTML_REFERENCE), CHARROPRO-FMCH-OFFICIAL-TEAM-SHEET-HTML-PRINT-AND-GEOMETRY-FIDELITY-001/evidence/html/formato-fmch-semantico-paso-primera-vuelta.html (CONFIG_REFERENCE), CHARROPRO-FMCH-OFFICIAL-TEAM-SHEET-HTML-PRINT-AND-GEOMETRY-FIDELITY-001/evidence/html/formato-fmch-semantico-paso-segunda-vuelta.html (HTML_REFERENCE), CHARROPRO-FMCH-OFFICIAL-TEAM-SHEET-HTML-PRINT-AND-GEOMETRY-FIDELITY-001/evidence/html/formato-fmch-semantico-paso-segunda-vuelta.html (CONFIG_REFERENCE), cronometro-pantalla.html (HTML_REFERENCE)"
"firebase-rules-auditoria.json","PRODUCTIVE_FIREBASE","KEEP_PRODUCTIVE","MEDIUM","true","tests/backup-foundation.test.mjs (TEST_ONLY_REFERENCE), tests/backup-restore-validation.test.mjs (TEST_ONLY_REFERENCE), tests/configuration-management.test.mjs (TEST_ONLY_REFERENCE), tests/firebase-broadcast-rules.test.mjs (TEST_ONLY_REFERENCE), tests/firebase-public-rules.test.mjs (TEST_ONLY_REFERENCE)"
"firebase.json","PRODUCTIVE_FIREBASE","KEEP_PRODUCTIVE","MEDIUM","true","tests/development-infrastructure.test.mjs (TEST_ONLY_REFERENCE), CHARROPRO-BACKUP-AND-RECOVERY-FOUNDATION-001/FILES_CHANGED.md (DOCUMENTATION_ONLY_REFERENCE), CHARROPRO-DEVELOPMENT-INFRASTRUCTURE-FOUNDATION-001/EMULATOR_CONFIGURATION.md (DOCUMENTATION_ONLY_REFERENCE), CHARROPRO-DEVELOPMENT-INFRASTRUCTURE-FOUNDATION-001/FILES_CHANGED.md (DOCUMENTATION_ONLY_REFERENCE), CHARROPRO-DEVELOPMENT-INFRASTRUCTURE-FOUNDATION-001/VALIDATION.md (DOCUMENTATION_ONLY_REFERENCE)"
"fixtures/templateEngineFixtures.js","FIXTURE","KEEP_CERTIFICATION_EVIDENCE","HIGH","true","js/broadcast/productionConsole.js (STATIC_REFERENCE), tests/broadcast-program-projection.test.mjs (TEST_ONLY_REFERENCE), tests/broadcast-template-engine.test.mjs (TEST_ONLY_REFERENCE), tests/template-renderer-integration.test.mjs (TEST_ONLY_REFERENCE), tests/theme-template-integration.test.mjs (TEST_ONLY_REFERENCE)"
"formato-federacion.html","PRODUCTIVE_OFFICIAL_FORMAT","KEEP_PRODUCTIVE","HIGH","true","tests/official-format-html-print-geometry.test.mjs (TEST_ONLY_REFERENCE), CHARROPRO-FMCH-2026-JINETEOS-DYNAMIC-IMPLEMENTATION-001/FILES_CHANGED.md (DOCUMENTATION_ONLY_REFERENCE), CHARROPRO-FMCH-2026-MANGANAS-PASO-IMPLEMENTATION-001/FILES_CHANGED.md (DOCUMENTATION_ONLY_REFERENCE), CHARROPRO-FMCH-2026-PIALES-COLEADERO-IMPLEMENTATION-001/FILES_CHANGED.md (DOCUMENTATION_ONLY_REFERENCE), CHARROPRO-FMCH-2026-TERNA-COMPLETE-IMPLEMENTATION-001/FILES_CHANGED.md (DOCUMENTATION_ONLY_REFERENCE)"
"functions/.gitignore","PRODUCTIVE_FIREBASE","KEEP_PRODUCTIVE","MEDIUM","true","no parsed consumer; path/role classification requires review"
"functions/backupFoundation.js","PRODUCTIVE_FIREBASE","KEEP_PRODUCTIVE","MEDIUM","true","tests/backup-foundation.test.mjs (TEST_ONLY_REFERENCE), tests/backup-restore-validation.test.mjs (TEST_ONLY_REFERENCE), CHARROPRO-BACKUP-AND-RECOVERY-FOUNDATION-001/FILES_CHANGED.md (DOCUMENTATION_ONLY_REFERENCE), CHARROPRO-BACKUP-AND-RECOVERY-FOUNDATION-001/SUMMARY.md (DOCUMENTATION_ONLY_REFERENCE), CHARROPRO-BACKUP-AND-RECOVERY-FOUNDATION-001/TEST_RESULTS.md (DOCUMENTATION_ONLY_REFERENCE)"
"functions/backupService.js","PRODUCTIVE_FIREBASE","KEEP_PRODUCTIVE","MEDIUM","true","tests/backup-foundation.test.mjs (TEST_ONLY_REFERENCE), CHARROPRO-BACKUP-AND-RECOVERY-FOUNDATION-001/FILES_CHANGED.md (DOCUMENTATION_ONLY_REFERENCE), CHARROPRO-BACKUP-AND-RECOVERY-FOUNDATION-001/SUMMARY.md (DOCUMENTATION_ONLY_REFERENCE), CHARROPRO-BACKUP-AND-RECOVERY-FOUNDATION-001/TEST_RESULTS.md (DOCUMENTATION_ONLY_REFERENCE), tests/backup-foundation.test.mjs (CONFIG_REFERENCE)"
"functions/configuration.defaults.json","PRODUCTIVE_CONFIG","KEEP_PRODUCTIVE","HIGH","true","functions/index.js (CONFIG_REFERENCE), js/core/configurationBootstrap.js (CONFIG_REFERENCE), tests/configuration-management.test.mjs (TEST_ONLY_REFERENCE), tests/firebase-rule-profile-lifecycle-rules.test.mjs (TEST_ONLY_REFERENCE), CHARROPRO-CONFIGURATION-MANAGEMENT-001/FILES_CHANGED.md (DOCUMENTATION_ONLY_REFERENCE)"
"functions/configurationEngine.js","PRODUCTIVE_FIREBASE","KEEP_PRODUCTIVE","MEDIUM","true","tests/configuration-management.test.mjs (TEST_ONLY_REFERENCE), CHARROPRO-CONFIGURATION-MANAGEMENT-001/FILES_CHANGED.md (DOCUMENTATION_ONLY_REFERENCE), CHARROPRO-CONFIGURATION-MANAGEMENT-001/VALIDATION.md (DOCUMENTATION_ONLY_REFERENCE), CHARROPRO-RULE-PROFILE-PRODUCTION-LIFECYCLE-AUTHORITY-001/FILES_CHANGED.md (DOCUMENTATION_ONLY_REFERENCE), tests/configuration-management.test.mjs (CONFIG_REFERENCE)"
"functions/configurationService.js","PRODUCTIVE_FIREBASE","KEEP_PRODUCTIVE","MEDIUM","true","tests/configuration-management.test.mjs (TEST_ONLY_REFERENCE), CHARROPRO-CONFIGURATION-MANAGEMENT-001/FILES_CHANGED.md (DOCUMENTATION_ONLY_REFERENCE), CHARROPRO-CONFIGURATION-MANAGEMENT-001/VALIDATION.md (DOCUMENTATION_ONLY_REFERENCE), tests/configuration-management.test.mjs (CONFIG_REFERENCE)"
"functions/firebaseRestCas.js","PRODUCTIVE_FIREBASE","KEEP_PRODUCTIVE","MEDIUM","true","tests/firebase-rule-profile-lifecycle-rules.test.mjs (TEST_ONLY_REFERENCE), tests/firebase-rule-profile-lifecycle-rules.test.mjs (CONFIG_REFERENCE)"
"functions/index.js","PRODUCTIVE_FIREBASE","KEEP_PRODUCTIVE","MEDIUM","true","tests/backup-foundation.test.mjs (TEST_ONLY_REFERENCE), tests/backup-restore-validation.test.mjs (TEST_ONLY_REFERENCE), tests/configuration-management.test.mjs (TEST_ONLY_REFERENCE), tests/firebase-rule-profile-lifecycle-rules.test.mjs (TEST_ONLY_REFERENCE), tests/official-score-concurrency.test.mjs (TEST_ONLY_REFERENCE)"
"functions/officialScoreConcurrency.js","PRODUCTIVE_FIREBASE","KEEP_PRODUCTIVE","MEDIUM","true","tests/backup-restore-validation.test.mjs (TEST_ONLY_REFERENCE), tests/official-score-concurrency.test.mjs (TEST_ONLY_REFERENCE), tests/public-live-feed-integration.test.mjs (TEST_ONLY_REFERENCE), tests/scorer-save-latency.test.mjs (TEST_ONLY_REFERENCE), tests/scoring-attempt-v2.test.mjs (TEST_ONLY_REFERENCE)"
"functions/package-lock.json","PRODUCTIVE_CONFIG","KEEP_PRODUCTIVE","MEDIUM","false","CHARROPRO-RELEASE-MANAGEMENT-001/VALIDATION.md (DOCUMENTATION_ONLY_REFERENCE), CHARROPRO_MASTER_AUDIT_FINDINGS.md (DOCUMENTATION_ONLY_REFERENCE)"
"functions/package.json","PRODUCTIVE_CONFIG","KEEP_PRODUCTIVE","MEDIUM","false","tests/firebase-public-rules.test.mjs (TEST_ONLY_REFERENCE), tests/firebase-rule-profile-lifecycle-rules.test.mjs (TEST_ONLY_REFERENCE), tests/public-live-feed-integration.test.mjs (TEST_ONLY_REFERENCE), tools/development/localRuntimeSeed.mjs (CONFIG_REFERENCE), CHARROPRO-BACKUP-AND-RECOVERY-FOUNDATION-001/FILES_CHANGED.md (DOCUMENTATION_ONLY_REFERENCE)"
"functions/restoreEngine.js","PRODUCTIVE_FIREBASE","KEEP_PRODUCTIVE","MEDIUM","true","tests/backup-restore-validation.test.mjs (TEST_ONLY_REFERENCE), CHARROPRO-BACKUP-RESTORE-VALIDATION-001/FILES_CHANGED.md (DOCUMENTATION_ONLY_REFERENCE), CHARROPRO-BACKUP-RESTORE-VALIDATION-001/SUMMARY.md (DOCUMENTATION_ONLY_REFERENCE), CHARROPRO-BACKUP-RESTORE-VALIDATION-001/TEST_RESULTS.md (DOCUMENTATION_ONLY_REFERENCE), CHARROPRO-BACKUP-RESTORE-VALIDATION-001/VALIDATION.md (DOCUMENTATION_ONLY_REFERENCE)"
"functions/restoreService.js","PRODUCTIVE_FIREBASE","KEEP_PRODUCTIVE","MEDIUM","true","tests/backup-restore-validation.test.mjs (TEST_ONLY_REFERENCE), CHARROPRO-BACKUP-RESTORE-VALIDATION-001/FILES_CHANGED.md (DOCUMENTATION_ONLY_REFERENCE), CHARROPRO-BACKUP-RESTORE-VALIDATION-001/SUMMARY.md (DOCUMENTATION_ONLY_REFERENCE), CHARROPRO-BACKUP-RESTORE-VALIDATION-001/TEST_RESULTS.md (DOCUMENTATION_ONLY_REFERENCE), CHARROPRO-BACKUP-RESTORE-VALIDATION-001/VALIDATION.md (DOCUMENTATION_ONLY_REFERENCE)"
"functions/ruleProfileAssignmentEngine.js","PRODUCTIVE_FIREBASE","KEEP_PRODUCTIVE","MEDIUM","true","tests/rule-profile-assignment-authority.test.mjs (TEST_ONLY_REFERENCE), tests/rule-profile-assignment-authority.test.mjs (CONFIG_REFERENCE)"
"functions/ruleProfileCertificationRegistry.json","PRODUCTIVE_CONFIG","KEEP_PRODUCTIVE","MEDIUM","false","functions/index.js (CONFIG_REFERENCE), tests/rule-profile-assignment-authority.test.mjs (TEST_ONLY_REFERENCE), tests/rule-profile-lifecycle-authority.test.mjs (TEST_ONLY_REFERENCE), tests/rule-profile-lifecycle-read-authority.test.mjs (TEST_ONLY_REFERENCE), CHARROPRO-RULE-PROFILE-PRODUCTION-LIFECYCLE-AUTHORITY-001/ARCHITECTURE.md (DOCUMENTATION_ONLY_REFERENCE)"
"functions/ruleProfileLifecycleEngine.js","PRODUCTIVE_FIREBASE","KEEP_PRODUCTIVE","MEDIUM","true","tests/rule-profile-lifecycle-authority.test.mjs (TEST_ONLY_REFERENCE), tests/rule-profile-lifecycle-read-authority.test.mjs (TEST_ONLY_REFERENCE), CHARROPRO-RULE-PROFILE-PRODUCTION-LIFECYCLE-AUTHORITY-001/ARCHITECTURE.md (DOCUMENTATION_ONLY_REFERENCE), CHARROPRO-RULE-PROFILE-PRODUCTION-LIFECYCLE-AUTHORITY-001/FILES_CHANGED.md (DOCUMENTATION_ONLY_REFERENCE), tests/rule-profile-lifecycle-authority.test.mjs (CONFIG_REFERENCE)"
"functions/ruleProfileLifecycleService.js","PRODUCTIVE_FIREBASE","KEEP_PRODUCTIVE","MEDIUM","true","tests/firebase-rule-profile-lifecycle-rules.test.mjs (TEST_ONLY_REFERENCE), tests/rule-profile-lifecycle-authority.test.mjs (TEST_ONLY_REFERENCE), tests/rule-profile-lifecycle-read-authority.test.mjs (TEST_ONLY_REFERENCE), CHARROPRO-RULE-PROFILE-PRODUCTION-LIFECYCLE-AUTHORITY-001/ARCHITECTURE.md (DOCUMENTATION_ONLY_REFERENCE), CHARROPRO-RULE-PROFILE-PRODUCTION-LIFECYCLE-AUTHORITY-001/FILES_CHANGED.md (DOCUMENTATION_ONLY_REFERENCE)"
"google-apps-script/formato-federacion-visual.gs","TOOLING","KEEP_TOOLING","MEDIUM","false","CHARROPRO-FMCH-OFFICIAL-DOCUMENT-SPECIFICATION-001/CURRENT_REPOSITORY_REFERENCES.md (DOCUMENTATION_ONLY_REFERENCE), README.md (DOCUMENTATION_ONLY_REFERENCE)"
"google-apps-script/formato-federacion.gs","TOOLING","KEEP_TOOLING","MEDIUM","false","CHARROPRO-FMCH-OFFICIAL-DOCUMENT-DATA-MAPPING-001/CURRENT_EXPORTERS_ANALYSIS.md (DOCUMENTATION_ONLY_REFERENCE), CHARROPRO-FMCH-OFFICIAL-DOCUMENT-DATA-MAPPING-001/CURRENT_MODULES_INVENTORY.md (DOCUMENTATION_ONLY_REFERENCE), CHARROPRO-FMCH-OFFICIAL-DOCUMENT-SPECIFICATION-001/CURRENT_REPOSITORY_REFERENCES.md (DOCUMENTATION_ONLY_REFERENCE), README.md (DOCUMENTATION_ONLY_REFERENCE)"
"grafico-cala-detalle.html","PRODUCTIVE_ENTRYPOINT","KEEP_PRODUCTIVE","HIGH","true","CHARROPRO-FMCH-2026-JINETEOS-DYNAMIC-IMPLEMENTATION-001/FILES_CHANGED.md (DOCUMENTATION_ONLY_REFERENCE), CHARROPRO-FMCH-2026-MANGANAS-PASO-IMPLEMENTATION-001/FILES_CHANGED.md (DOCUMENTATION_ONLY_REFERENCE), CHARROPRO-FMCH-2026-PIALES-COLEADERO-IMPLEMENTATION-001/FILES_CHANGED.md (DOCUMENTATION_ONLY_REFERENCE), CHARROPRO-FMCH-2026-TERNA-COMPLETE-IMPLEMENTATION-001/FILES_CHANGED.md (DOCUMENTATION_ONLY_REFERENCE), CHARROPRO-OFFICIAL-TIMER-AUTHORITY-AND-SYNC-INTEGRATION-001/FILES_CHANGED.md (DOCUMENTATION_ONLY_REFERENCE)"
"grafico-caladero-turno.html","PRODUCTIVE_ENTRYPOINT","KEEP_PRODUCTIVE","HIGH","true","CHARROPRO-FMCH-2026-JINETEOS-DYNAMIC-IMPLEMENTATION-001/FILES_CHANGED.md (DOCUMENTATION_ONLY_REFERENCE), CHARROPRO-FMCH-2026-MANGANAS-PASO-IMPLEMENTATION-001/FILES_CHANGED.md (DOCUMENTATION_ONLY_REFERENCE), CHARROPRO-FMCH-2026-PIALES-COLEADERO-IMPLEMENTATION-001/FILES_CHANGED.md (DOCUMENTATION_ONLY_REFERENCE), CHARROPRO-FMCH-2026-TERNA-COMPLETE-IMPLEMENTATION-001/FILES_CHANGED.md (DOCUMENTATION_ONLY_REFERENCE), CHARROPRO-OFFICIAL-TIMER-AUTHORITY-AND-SYNC-INTEGRATION-001/FILES_CHANGED.md (DOCUMENTATION_ONLY_REFERENCE)"
"grafico-categoria.html","PRODUCTIVE_ENTRYPOINT","KEEP_PRODUCTIVE","HIGH","true","CHARROPRO-FMCH-2026-JINETEOS-DYNAMIC-IMPLEMENTATION-001/FILES_CHANGED.md (DOCUMENTATION_ONLY_REFERENCE), CHARROPRO-FMCH-2026-MANGANAS-PASO-IMPLEMENTATION-001/FILES_CHANGED.md (DOCUMENTATION_ONLY_REFERENCE), CHARROPRO-FMCH-2026-PIALES-COLEADERO-IMPLEMENTATION-001/FILES_CHANGED.md (DOCUMENTATION_ONLY_REFERENCE), CHARROPRO-FMCH-2026-TERNA-COMPLETE-IMPLEMENTATION-001/FILES_CHANGED.md (DOCUMENTATION_ONLY_REFERENCE), CHARROPRO-OFFICIAL-TIMER-AUTHORITY-AND-SYNC-INTEGRATION-001/FILES_CHANGED.md (DOCUMENTATION_ONLY_REFERENCE)"
"grafico-coleadero-turno.html","PRODUCTIVE_ENTRYPOINT","KEEP_PRODUCTIVE","HIGH","true","CHARROPRO-FMCH-2026-JINETEOS-DYNAMIC-IMPLEMENTATION-001/FILES_CHANGED.md (DOCUMENTATION_ONLY_REFERENCE), CHARROPRO-FMCH-2026-MANGANAS-PASO-IMPLEMENTATION-001/FILES_CHANGED.md (DOCUMENTATION_ONLY_REFERENCE), CHARROPRO-FMCH-2026-PIALES-COLEADERO-IMPLEMENTATION-001/FILES_CHANGED.md (DOCUMENTATION_ONLY_REFERENCE), CHARROPRO-FMCH-2026-TERNA-COMPLETE-IMPLEMENTATION-001/FILES_CHANGED.md (DOCUMENTATION_ONLY_REFERENCE), CHARROPRO-OFFICIAL-TIMER-AUTHORITY-AND-SYNC-INTEGRATION-001/FILES_CHANGED.md (DOCUMENTATION_ONLY_REFERENCE)"
"grafico-coleadero.html","PRODUCTIVE_ENTRYPOINT","KEEP_PRODUCTIVE","HIGH","true","CHARROPRO-FMCH-2026-JINETEOS-DYNAMIC-IMPLEMENTATION-001/FILES_CHANGED.md (DOCUMENTATION_ONLY_REFERENCE), CHARROPRO-FMCH-2026-MANGANAS-PASO-IMPLEMENTATION-001/FILES_CHANGED.md (DOCUMENTATION_ONLY_REFERENCE), CHARROPRO-FMCH-2026-PIALES-COLEADERO-IMPLEMENTATION-001/FILES_CHANGED.md (DOCUMENTATION_ONLY_REFERENCE), CHARROPRO-FMCH-2026-TERNA-COMPLETE-IMPLEMENTATION-001/FILES_CHANGED.md (DOCUMENTATION_ONLY_REFERENCE), CHARROPRO-OFFICIAL-TIMER-AUTHORITY-AND-SYNC-INTEGRATION-001/FILES_CHANGED.md (DOCUMENTATION_ONLY_REFERENCE)"
"grafico-cronometro.html","PRODUCTIVE_ENTRYPOINT","KEEP_PRODUCTIVE","HIGH","true","CHARROPRO-FMCH-2026-JINETEOS-DYNAMIC-IMPLEMENTATION-001/FILES_CHANGED.md (DOCUMENTATION_ONLY_REFERENCE), CHARROPRO-FMCH-2026-MANGANAS-PASO-IMPLEMENTATION-001/FILES_CHANGED.md (DOCUMENTATION_ONLY_REFERENCE), CHARROPRO-FMCH-2026-PIALES-COLEADERO-IMPLEMENTATION-001/FILES_CHANGED.md (DOCUMENTATION_ONLY_REFERENCE), CHARROPRO-FMCH-2026-TERNA-COMPLETE-IMPLEMENTATION-001/FILES_CHANGED.md (DOCUMENTATION_ONLY_REFERENCE), CHARROPRO-OFFICIAL-TIMER-AUTHORITY-AND-SYNC-INTEGRATION-001/FILES_CHANGED.md (DOCUMENTATION_ONLY_REFERENCE)"
"grafico-marcador.html","PRODUCTIVE_ENTRYPOINT","KEEP_PRODUCTIVE","HIGH","true","CHARROPRO-FMCH-2026-JINETEOS-DYNAMIC-IMPLEMENTATION-001/FILES_CHANGED.md (DOCUMENTATION_ONLY_REFERENCE), CHARROPRO-FMCH-2026-MANGANAS-PASO-IMPLEMENTATION-001/FILES_CHANGED.md (DOCUMENTATION_ONLY_REFERENCE), CHARROPRO-FMCH-2026-PIALES-COLEADERO-IMPLEMENTATION-001/FILES_CHANGED.md (DOCUMENTATION_ONLY_REFERENCE), CHARROPRO-FMCH-2026-TERNA-COMPLETE-IMPLEMENTATION-001/FILES_CHANGED.md (DOCUMENTATION_ONLY_REFERENCE), CHARROPRO-OFFICIAL-TIMER-AUTHORITY-AND-SYNC-INTEGRATION-001/FILES_CHANGED.md (DOCUMENTATION_ONLY_REFERENCE)"
"grafico-ranking.html","PRODUCTIVE_ENTRYPOINT","KEEP_PRODUCTIVE","HIGH","true","CHARROPRO-FMCH-2026-JINETEOS-DYNAMIC-IMPLEMENTATION-001/FILES_CHANGED.md (DOCUMENTATION_ONLY_REFERENCE), CHARROPRO-FMCH-2026-MANGANAS-PASO-IMPLEMENTATION-001/FILES_CHANGED.md (DOCUMENTATION_ONLY_REFERENCE), CHARROPRO-FMCH-2026-PIALES-COLEADERO-IMPLEMENTATION-001/FILES_CHANGED.md (DOCUMENTATION_ONLY_REFERENCE), CHARROPRO-FMCH-2026-TERNA-COMPLETE-IMPLEMENTATION-001/FILES_CHANGED.md (DOCUMENTATION_ONLY_REFERENCE), CHARROPRO-OFFICIAL-TIMER-AUTHORITY-AND-SYNC-INTEGRATION-001/FILES_CHANGED.md (DOCUMENTATION_ONLY_REFERENCE)"
"grafico-turno.html","PRODUCTIVE_ENTRYPOINT","KEEP_PRODUCTIVE","HIGH","true","CHARROPRO-FMCH-2026-JINETEOS-DYNAMIC-IMPLEMENTATION-001/FILES_CHANGED.md (DOCUMENTATION_ONLY_REFERENCE), CHARROPRO-FMCH-2026-MANGANAS-PASO-IMPLEMENTATION-001/FILES_CHANGED.md (DOCUMENTATION_ONLY_REFERENCE), CHARROPRO-FMCH-2026-PIALES-COLEADERO-IMPLEMENTATION-001/FILES_CHANGED.md (DOCUMENTATION_ONLY_REFERENCE), CHARROPRO-FMCH-2026-TERNA-COMPLETE-IMPLEMENTATION-001/FILES_CHANGED.md (DOCUMENTATION_ONLY_REFERENCE), CHARROPRO-OFFICIAL-TIMER-AUTHORITY-AND-SYNC-INTEGRATION-001/FILES_CHANGED.md (DOCUMENTATION_ONLY_REFERENCE)"
"graficos.html","PRODUCTIVE_ENTRYPOINT","KEEP_PRODUCTIVE","HIGH","true","CHARROPRO-FMCH-2026-JINETEOS-DYNAMIC-IMPLEMENTATION-001/FILES_CHANGED.md (DOCUMENTATION_ONLY_REFERENCE), CHARROPRO-FMCH-2026-MANGANAS-PASO-IMPLEMENTATION-001/FILES_CHANGED.md (DOCUMENTATION_ONLY_REFERENCE), CHARROPRO-FMCH-2026-PIALES-COLEADERO-IMPLEMENTATION-001/FILES_CHANGED.md (DOCUMENTATION_ONLY_REFERENCE), CHARROPRO-FMCH-2026-TERNA-COMPLETE-IMPLEMENTATION-001/FILES_CHANGED.md (DOCUMENTATION_ONLY_REFERENCE), CHARROPRO-OFFICIAL-TIMER-AUTHORITY-AND-SYNC-INTEGRATION-001/FILES_CHANGED.md (DOCUMENTATION_ONLY_REFERENCE)"
"index.html","PRODUCTIVE_ENTRYPOINT","KEEP_PRODUCTIVE","HIGH","true","tests/fmch-2026-cala-scorer.test.mjs (TEST_ONLY_REFERENCE), tests/production-nav.test.mjs (TEST_ONLY_REFERENCE), tests/scorer-responsive-components.test.mjs (TEST_ONLY_REFERENCE), CHARROPRO-FMCH-2026-JINETEOS-DYNAMIC-IMPLEMENTATION-001/FILES_CHANGED.md (DOCUMENTATION_ONLY_REFERENCE), CHARROPRO-FMCH-2026-MANGANAS-PASO-IMPLEMENTATION-001/FILES_CHANGED.md (DOCUMENTATION_ONLY_REFERENCE)"
"js/app.js","PRODUCTIVE_CORE","KEEP_PRODUCTIVE","HIGH","true","index.html (HTML_REFERENCE), js/tournamentApp.js (CONFIG_REFERENCE), tests/fmch-2026-cala-scorer.test.mjs (TEST_ONLY_REFERENCE), tests/fmch-2026-jineteos-dynamic-scorer.test.mjs (TEST_ONLY_REFERENCE), tests/fmch-2026-manganas-paso-scorer.test.mjs (TEST_ONLY_REFERENCE)"
"js/broadcast/actionEngine.js","PRODUCTIVE_BROADCAST","KEEP_PRODUCTIVE","HIGH","true","js/broadcast/productionConsole.js (STATIC_REFERENCE), tests/broadcast-action-engine.test.mjs (TEST_ONLY_REFERENCE), tests/production-console.test.mjs (TEST_ONLY_REFERENCE), tests/production-variables.test.mjs (TEST_ONLY_REFERENCE), BROADCAST_ACTION_ENGINE_V1.md (DOCUMENTATION_ONLY_REFERENCE)"
"js/broadcast/announcerMonitor.js","PRODUCTIVE_BROADCAST","KEEP_PRODUCTIVE","HIGH","true","announcer-monitor.html (HTML_REFERENCE), js/broadcast/outputSynchronization.js (STATIC_REFERENCE), js/broadcast/productionConsole.js (STATIC_REFERENCE), tests/announcer-monitor.test.mjs (TEST_ONLY_REFERENCE), tests/official-timer-authority-sync.test.mjs (TEST_ONLY_REFERENCE)"
"js/broadcast/assetManager.js","PRODUCTIVE_BROADCAST","KEEP_PRODUCTIVE","HIGH","true","js/broadcast/actionEngine.js (STATIC_REFERENCE), js/broadcast/broadcastPlayground.js (STATIC_REFERENCE), js/broadcast/productionConsole.js (STATIC_REFERENCE), js/broadcast/themeTemplateIntegration.js (STATIC_REFERENCE), tests/broadcast-asset-manager.test.mjs (TEST_ONLY_REFERENCE)"
"js/broadcast/broadcastAccessHub.js","PRODUCTIVE_BROADCAST","KEEP_PRODUCTIVE","MEDIUM","false","tests/broadcast-access-hub.test.mjs (TEST_ONLY_REFERENCE), tests/broadcast-access-hub.test.mjs (CONFIG_REFERENCE)"
"js/broadcast/broadcastOutput.js","PRODUCTIVE_BROADCAST","KEEP_PRODUCTIVE","HIGH","true","BROADCAST_OUTPUT_V1.md (STATIC_REFERENCE), BROADCAST_OUTPUT_V1.md (CONFIG_REFERENCE), js/broadcast/actionEngine.js (STATIC_REFERENCE), js/broadcast/broadcastPlayground.js (STATIC_REFERENCE), js/broadcast/productionConsole.js (STATIC_REFERENCE)"
"js/broadcast/broadcastPlayground.js","PRODUCTIVE_BROADCAST","KEEP_PRODUCTIVE","HIGH","true","broadcast-playground.html (HTML_REFERENCE), tests/broadcast-playground.test.mjs (TEST_ONLY_REFERENCE), CHARROPRO_MASTER_AUDIT_EVIDENCE.md (DOCUMENTATION_ONLY_REFERENCE), broadcast-playground.html (CONFIG_REFERENCE), tests/broadcast-playground.test.mjs (CONFIG_REFERENCE)"
"js/broadcast/broadcastRealtimeTransport.js","PRODUCTIVE_BROADCAST","KEEP_PRODUCTIVE","HIGH","true","js/broadcast/announcerMonitor.js (DYNAMIC_REFERENCE), js/broadcast/broadcastStudioWorkspace.js (STATIC_REFERENCE), js/broadcast/productionConsole.js (STATIC_REFERENCE), js/broadcast/programMainOutput.js (DYNAMIC_REFERENCE), js/core/firebaseSync.js (STATIC_REFERENCE)"
"js/broadcast/broadcastState.js","PRODUCTIVE_BROADCAST","KEEP_PRODUCTIVE","HIGH","true","BROADCAST_STATE_V1.md (STATIC_REFERENCE), BROADCAST_STATE_V1.md (CONFIG_REFERENCE), js/broadcast/actionEngine.js (STATIC_REFERENCE), js/broadcast/broadcastOutput.js (STATIC_REFERENCE), js/broadcast/broadcastPlayground.js (STATIC_REFERENCE)"
"js/broadcast/broadcastStudioWorkspace.js","PRODUCTIVE_BROADCAST","KEEP_PRODUCTIVE","HIGH","true","broadcast-studio.html (HTML_REFERENCE), tests/broadcast-studio-workspace.test.mjs (TEST_ONLY_REFERENCE), CHARROPRO-FMCH-2026-JINETEOS-DYNAMIC-IMPLEMENTATION-001/FILES_CHANGED.md (DOCUMENTATION_ONLY_REFERENCE), CHARROPRO-FMCH-2026-MANGANAS-PASO-IMPLEMENTATION-001/FILES_CHANGED.md (DOCUMENTATION_ONLY_REFERENCE), CHARROPRO-FMCH-2026-PIALES-COLEADERO-IMPLEMENTATION-001/FILES_CHANGED.md (DOCUMENTATION_ONLY_REFERENCE)"
"js/broadcast/browserOutput.js","PRODUCTIVE_BROADCAST","KEEP_PRODUCTIVE","HIGH","true","browser-output.html (HTML_REFERENCE), js/broadcast/announcerMonitor.js (STATIC_REFERENCE), js/broadcast/programMainOutput.js (STATIC_REFERENCE), tests/browser-output.test.mjs (TEST_ONLY_REFERENCE), BROADCAST_BROWSER_OUTPUT_V1.md (DOCUMENTATION_ONLY_REFERENCE)"
"js/broadcast/componentLibrary.js","PRODUCTIVE_BROADCAST","KEEP_PRODUCTIVE","HIGH","true","fixtures/templateEngineFixtures.js (STATIC_REFERENCE), js/broadcast/componentRenderer.js (STATIC_REFERENCE), js/broadcast/fixtures/componentRendererFixtures.js (STATIC_REFERENCE), js/broadcast/productionConsole.js (STATIC_REFERENCE), js/broadcast/programMainOutput.js (STATIC_REFERENCE)"
"js/broadcast/componentRenderer.js","PRODUCTIVE_BROADCAST","KEEP_PRODUCTIVE","HIGH","true","js/broadcast/productionConsole.js (STATIC_REFERENCE), js/broadcast/programMainOutput.js (STATIC_REFERENCE), js/broadcast/templateRendererIntegration.js (STATIC_REFERENCE), tests/broadcast-component-renderer.test.mjs (TEST_ONLY_REFERENCE), tests/production-console.test.mjs (TEST_ONLY_REFERENCE)"
"js/broadcast/dataContract.js","PRODUCTIVE_BROADCAST","KEEP_PRODUCTIVE","HIGH","true","js/broadcast/actionEngine.js (STATIC_REFERENCE), js/broadcast/broadcastOutput.js (STATIC_REFERENCE), js/broadcast/broadcastPlayground.js (STATIC_REFERENCE), js/broadcast/productionConsole.js (STATIC_REFERENCE), js/core/sync.js (STATIC_REFERENCE)"
"js/broadcast/fixtures/broadcastPlaygroundFixtures.js","PRODUCTIVE_BROADCAST","KEEP_PRODUCTIVE","HIGH","true","js/broadcast/broadcastPlayground.js (STATIC_REFERENCE), js/broadcast/productionConsole.js (STATIC_REFERENCE), tests/broadcast-playground.test.mjs (TEST_ONLY_REFERENCE), BROADCAST_PLAYGROUND_V1.md (DOCUMENTATION_ONLY_REFERENCE), tests/broadcast-playground.test.mjs (CONFIG_REFERENCE)"
"js/broadcast/fixtures/componentRendererFixtures.js","PRODUCTIVE_BROADCAST","KEEP_PRODUCTIVE","HIGH","true","js/broadcast/productionConsole.js (STATIC_REFERENCE), tests/broadcast-component-renderer.test.mjs (TEST_ONLY_REFERENCE), tests/template-renderer-integration.test.mjs (TEST_ONLY_REFERENCE), tests/broadcast-component-renderer.test.mjs (CONFIG_REFERENCE), tests/template-renderer-integration.test.mjs (CONFIG_REFERENCE)"
"js/broadcast/liveBindings.js","PRODUCTIVE_BROADCAST","KEEP_PRODUCTIVE","HIGH","true","js/broadcast/broadcastStudioWorkspace.js (STATIC_REFERENCE), js/broadcast/previewEngine.js (STATIC_REFERENCE), js/broadcast/productionConsole.js (STATIC_REFERENCE), js/broadcast/programEngine.js (STATIC_REFERENCE), js/broadcast/themeTemplateIntegration.js (STATIC_REFERENCE)"
"js/broadcast/outputRouting.js","PRODUCTIVE_BROADCAST","KEEP_PRODUCTIVE","HIGH","true","js/broadcast/broadcastStudioWorkspace.js (STATIC_REFERENCE), js/broadcast/outputSynchronization.js (STATIC_REFERENCE), js/broadcast/productionConsole.js (STATIC_REFERENCE), tests/broadcast-output-routing.test.mjs (TEST_ONLY_REFERENCE), tests/broadcast-program-projection.test.mjs (TEST_ONLY_REFERENCE)"
"js/broadcast/outputSynchronization.js","PRODUCTIVE_BROADCAST","KEEP_PRODUCTIVE","HIGH","true","js/broadcast/productionConsole.js (STATIC_REFERENCE), tests/output-synchronization.test.mjs (TEST_ONLY_REFERENCE), tests/production-console.test.mjs (TEST_ONLY_REFERENCE), BROADCAST_ACCESS_AND_SYNC_V1.md (DOCUMENTATION_ONLY_REFERENCE), CHARROPRO-FMCH-2026-JINETEOS-DYNAMIC-IMPLEMENTATION-001/FILES_CHANGED.md (DOCUMENTATION_ONLY_REFERENCE)"
"js/broadcast/previewEngine.js","PRODUCTIVE_BROADCAST","KEEP_PRODUCTIVE","HIGH","true","js/broadcast/broadcastStudioWorkspace.js (STATIC_REFERENCE), js/broadcast/productionConsole.js (STATIC_REFERENCE), js/broadcast/programEngine.js (STATIC_REFERENCE), tests/broadcast-preview-engine.test.mjs (TEST_ONLY_REFERENCE), tests/broadcast-program-projection.test.mjs (TEST_ONLY_REFERENCE)"
"js/broadcast/productionConsole.js","PRODUCTIVE_BROADCAST","KEEP_PRODUCTIVE","HIGH","true","js/broadcast/broadcastStudioWorkspace.js (STATIC_REFERENCE), production-console.html (HTML_REFERENCE), tests/broadcast-program-projection.test.mjs (TEST_ONLY_REFERENCE), tests/broadcast-theme-engine.test.mjs (TEST_ONLY_REFERENCE), tests/production-console.test.mjs (TEST_ONLY_REFERENCE)"
"js/broadcast/productionVariables.js","PRODUCTIVE_BROADCAST","KEEP_PRODUCTIVE","HIGH","true","js/broadcast/actionEngine.js (STATIC_REFERENCE), js/broadcast/productionConsole.js (STATIC_REFERENCE), tests/production-variables.test.mjs (TEST_ONLY_REFERENCE), BROADCAST_PRODUCTION_VARIABLES_V1.md (DOCUMENTATION_ONLY_REFERENCE), CHARROPRO_MASTER_AUDIT_MODULE_MATRIX.md (DOCUMENTATION_ONLY_REFERENCE)"
"js/broadcast/programEngine.js","PRODUCTIVE_BROADCAST","KEEP_PRODUCTIVE","HIGH","true","js/broadcast/broadcastStudioWorkspace.js (STATIC_REFERENCE), js/broadcast/outputRouting.js (STATIC_REFERENCE), js/broadcast/outputSynchronization.js (STATIC_REFERENCE), js/broadcast/productionConsole.js (STATIC_REFERENCE), tests/broadcast-program-engine.test.mjs (TEST_ONLY_REFERENCE)"
"js/broadcast/programMainOutput.js","PRODUCTIVE_BROADCAST","KEEP_PRODUCTIVE","HIGH","true","js/broadcast/broadcastStudioWorkspace.js (STATIC_REFERENCE), js/broadcast/outputSynchronization.js (STATIC_REFERENCE), js/broadcast/productionConsole.js (STATIC_REFERENCE), program-main-output.html (HTML_REFERENCE), tests/output-synchronization.test.mjs (TEST_ONLY_REFERENCE)"
"js/broadcast/templateEngine.js","PRODUCTIVE_BROADCAST","KEEP_PRODUCTIVE","HIGH","true","fixtures/templateEngineFixtures.js (STATIC_REFERENCE), js/broadcast/productionConsole.js (STATIC_REFERENCE), js/broadcast/templateRendererIntegration.js (STATIC_REFERENCE), tests/broadcast-template-engine.test.mjs (TEST_ONLY_REFERENCE), tests/production-console.test.mjs (TEST_ONLY_REFERENCE)"
"js/broadcast/templateRendererIntegration.js","PRODUCTIVE_BROADCAST","KEEP_PRODUCTIVE","HIGH","true","js/broadcast/broadcastStudioWorkspace.js (STATIC_REFERENCE), js/broadcast/productionConsole.js (STATIC_REFERENCE), js/broadcast/themeTemplateIntegration.js (STATIC_REFERENCE), tests/broadcast-program-projection.test.mjs (TEST_ONLY_REFERENCE), tests/production-console.test.mjs (TEST_ONLY_REFERENCE)"
"js/broadcast/themeEngine.js","PRODUCTIVE_BROADCAST","KEEP_PRODUCTIVE","HIGH","true","js/broadcast/productionConsole.js (STATIC_REFERENCE), js/broadcast/themeTemplateIntegration.js (STATIC_REFERENCE), tests/broadcast-theme-engine.test.mjs (TEST_ONLY_REFERENCE), tests/production-console.test.mjs (TEST_ONLY_REFERENCE), tests/theme-template-integration.test.mjs (TEST_ONLY_REFERENCE)"
"js/broadcast/themeTemplateIntegration.js","PRODUCTIVE_BROADCAST","KEEP_PRODUCTIVE","HIGH","true","js/broadcast/broadcastStudioWorkspace.js (STATIC_REFERENCE), js/broadcast/previewEngine.js (STATIC_REFERENCE), js/broadcast/productionConsole.js (STATIC_REFERENCE), tests/broadcast-program-projection.test.mjs (TEST_ONLY_REFERENCE), tests/production-console.test.mjs (TEST_ONLY_REFERENCE)"
"js/core/configurationBootstrap.js","PRODUCTIVE_CORE","KEEP_PRODUCTIVE","HIGH","true","js/core/firebaseSync.js (STATIC_REFERENCE), js/core/productiveRuleProfilePolicy.js (STATIC_REFERENCE), js/core/version.js (STATIC_REFERENCE), tests/configuration-management.test.mjs (TEST_ONLY_REFERENCE), CHARROPRO-CONFIGURATION-MANAGEMENT-001/FILES_CHANGED.md (DOCUMENTATION_ONLY_REFERENCE)"
"js/core/dom.js","PRODUCTIVE_CORE","KEEP_PRODUCTIVE","HIGH","true","js/app.js (STATIC_REFERENCE), js/views/cronometro-control.js (STATIC_REFERENCE), js/views/cronometro-pantalla.js (STATIC_REFERENCE), js/views/formato-federacion.js (STATIC_REFERENCE), js/views/grafico.js (STATIC_REFERENCE)"
"js/core/events.js","PRODUCTIVE_CORE","KEEP_PRODUCTIVE","HIGH","true","js/app.js (STATIC_REFERENCE), CHARROPRO_MASTER_AUDIT_ARCHITECTURE.md (DOCUMENTATION_ONLY_REFERENCE), CHARROPRO_MASTER_AUDIT_FINDINGS.md (DOCUMENTATION_ONLY_REFERENCE), CHARROPRO_MASTER_AUDIT_MODULE_MATRIX.md (DOCUMENTATION_ONLY_REFERENCE), DESPLIEGUE_CHARROPRO.md (DOCUMENTATION_ONLY_REFERENCE)"
"js/core/exporters.js","PRODUCTIVE_CORE","KEEP_PRODUCTIVE","HIGH","true","js/app.js (STATIC_REFERENCE), CHARROPRO-FMCH-2026-JINETEOS-DYNAMIC-IMPLEMENTATION-001/FILES_CHANGED.md (DOCUMENTATION_ONLY_REFERENCE), CHARROPRO-FMCH-2026-MANGANAS-PASO-IMPLEMENTATION-001/FILES_CHANGED.md (DOCUMENTATION_ONLY_REFERENCE), CHARROPRO-FMCH-2026-PIALES-COLEADERO-IMPLEMENTATION-001/FILES_CHANGED.md (DOCUMENTATION_ONLY_REFERENCE), CHARROPRO-FMCH-2026-TERNA-COMPLETE-IMPLEMENTATION-001/FILES_CHANGED.md (DOCUMENTATION_ONLY_REFERENCE)"
"js/core/firebaseRuntime.js","PRODUCTIVE_CORE","KEEP_PRODUCTIVE","HIGH","true","js/core/firebaseSync.js (STATIC_REFERENCE), tests/firebase-runtime-local.test.mjs (TEST_ONLY_REFERENCE), CHARROPRO-WEB-CLIENT-EMULATOR-RUNTIME-INTEGRATION-001/FILES_CHANGED.md (DOCUMENTATION_ONLY_REFERENCE), CHARROPRO-WEB-CLIENT-EMULATOR-RUNTIME-INTEGRATION-001/LOCAL_FIREBASE_BOOTSTRAP.md (DOCUMENTATION_ONLY_REFERENCE), tests/firebase-runtime-local.test.mjs (CONFIG_REFERENCE)"
"js/core/firebaseSync.js","PRODUCTIVE_CORE","KEEP_PRODUCTIVE","HIGH","true","js/app.js (STATIC_REFERENCE), js/broadcast/announcerMonitor.js (DYNAMIC_REFERENCE), js/broadcast/broadcastStudioWorkspace.js (DYNAMIC_REFERENCE), js/broadcast/productionConsole.js (DYNAMIC_REFERENCE), js/broadcast/programMainOutput.js (DYNAMIC_REFERENCE)"
"js/core/flow.js","PRODUCTIVE_SCORER","KEEP_PRODUCTIVE","HIGH","true","js/app.js (STATIC_REFERENCE), tests/full-scorer-integration.test.mjs (TEST_ONLY_REFERENCE), tests/scorer-workspace-viewport-compaction.test.mjs (TEST_ONLY_REFERENCE), CHARROPRO-FMCH-2026-JINETEOS-DYNAMIC-IMPLEMENTATION-001/FILES_CHANGED.md (DOCUMENTATION_ONLY_REFERENCE), CHARROPRO-FMCH-2026-MANGANAS-PASO-IMPLEMENTATION-001/FILES_CHANGED.md (DOCUMENTATION_ONLY_REFERENCE)"
"js/core/graphicsConfig.js","PRODUCTIVE_CORE","KEEP_PRODUCTIVE","HIGH","true","js/core/state.js (STATIC_REFERENCE), js/core/sync.js (STATIC_REFERENCE), js/views/grafico.js (STATIC_REFERENCE), js/views/graficos-control.js (STATIC_REFERENCE), js/views/obs.js (STATIC_REFERENCE)"
"js/core/history.js","PRODUCTIVE_CORE","KEEP_PRODUCTIVE","HIGH","true","js/app.js (STATIC_REFERENCE), CHARROPRO-FMCH-2026-JINETEOS-DYNAMIC-IMPLEMENTATION-001/FILES_CHANGED.md (DOCUMENTATION_ONLY_REFERENCE), CHARROPRO-FMCH-2026-MANGANAS-PASO-IMPLEMENTATION-001/FILES_CHANGED.md (DOCUMENTATION_ONLY_REFERENCE), CHARROPRO-FMCH-2026-PIALES-COLEADERO-IMPLEMENTATION-001/FILES_CHANGED.md (DOCUMENTATION_ONLY_REFERENCE), CHARROPRO-FMCH-2026-TERNA-COMPLETE-IMPLEMENTATION-001/FILES_CHANGED.md (DOCUMENTATION_ONLY_REFERENCE)"
"js/core/localCache.js","PRODUCTIVE_CORE","KEEP_PRODUCTIVE","HIGH","true","js/app.js (STATIC_REFERENCE), js/core/graphicsConfig.js (STATIC_REFERENCE), js/core/state.js (STATIC_REFERENCE), CHARROPRO_MASTER_AUDIT_MODULE_MATRIX.md (DOCUMENTATION_ONLY_REFERENCE)"
"js/core/localRuleProfileDefaults.js","PRODUCTIVE_CORE","KEEP_PRODUCTIVE","HIGH","true","js/app.js (STATIC_REFERENCE), tests/terna-rule-catalog-resolution-audit-003.test.mjs (TEST_ONLY_REFERENCE), tools/development/localRuntimeSeed.mjs (STATIC_REFERENCE), tools/development/localRuntimeSeed.mjs (CONFIG_REFERENCE), CHARROPRO-SCORER-OPERATIONAL-STABILIZATION-CHECKPOINT-001/RULE_PROFILE_CHECKPOINT.md (DOCUMENTATION_ONLY_REFERENCE)"
"js/core/officialFormat.js","PRODUCTIVE_OFFICIAL_FORMAT","KEEP_AUTHORITY","HIGH","true","js/app.js (STATIC_REFERENCE), js/core/sync.js (STATIC_REFERENCE), js/views/formato-federacion.js (STATIC_REFERENCE), tests/official-format-authoritative-snapshot.test.mjs (TEST_ONLY_REFERENCE), tests/official-format-pre-judge-final-corrections.test.mjs (TEST_ONLY_REFERENCE)"
"js/core/officialFormatDocumentAssets.js","PRODUCTIVE_OFFICIAL_FORMAT","KEEP_PRODUCTIVE","HIGH","true","js/core/officialFormat.js (STATIC_REFERENCE), CHARROPRO-FMCH-OFFICIAL-FORMAT-CERTIFICATION-STATE-RECONCILIATION-001/FILES_CHANGED.md (DOCUMENTATION_ONLY_REFERENCE)"
"js/core/officialFormatDocumentModel.js","PRODUCTIVE_OFFICIAL_FORMAT","KEEP_AUTHORITY","HIGH","true","js/core/officialFormat.js (STATIC_REFERENCE), js/core/officialFormatSnapshot.js (STATIC_REFERENCE), tests/official-format-html-print-geometry.test.mjs (TEST_ONLY_REFERENCE), CHARROPRO-FMCH-OFFICIAL-TEAM-SHEET-HTML-PRINT-AND-GEOMETRY-FIDELITY-001/FILES_CHANGED.md (DOCUMENTATION_ONLY_REFERENCE), tests/official-format-html-print-geometry.test.mjs (CONFIG_REFERENCE)"
"js/core/officialFormatHtml.js","PRODUCTIVE_OFFICIAL_FORMAT","KEEP_AUTHORITY","HIGH","true","js/views/formato-federacion.js (STATIC_REFERENCE), tests/official-format-html-print-geometry.test.mjs (TEST_ONLY_REFERENCE), tests/official-format-pre-judge-final-corrections.test.mjs (TEST_ONLY_REFERENCE), tests/official-format-semantic-field-certification.test.mjs (TEST_ONLY_REFERENCE), CHARROPRO-FMCH-OFFICIAL-TEAM-SHEET-HTML-PRINT-AND-GEOMETRY-FIDELITY-001/FILES_CHANGED.md (DOCUMENTATION_ONLY_REFERENCE)"
"js/core/officialFormatSnapshot.js","PRODUCTIVE_OFFICIAL_FORMAT","KEEP_AUTHORITY","HIGH","true","js/core/officialFormat.js (STATIC_REFERENCE), tests/official-format-authoritative-snapshot.test.mjs (TEST_ONLY_REFERENCE), tests/official-format-pre-judge-final-corrections.test.mjs (TEST_ONLY_REFERENCE), tests/official-format-semantic-field-certification.test.mjs (TEST_ONLY_REFERENCE), CHARROPRO-FMCH-OFFICIAL-DOCUMENT-DATA-MAPPING-001/FIELD_MAPPING.json (CONFIG_REFERENCE)"
"js/core/pendingScoreReview.js","PRODUCTIVE_CORE","KEEP_PRODUCTIVE","HIGH","true","js/app.js (STATIC_REFERENCE), js/core/firebaseSync.js (STATIC_REFERENCE), js/core/state.js (STATIC_REFERENCE), tests/full-scorer-integration.test.mjs (TEST_ONLY_REFERENCE), tests/operational-validation-corrections-002.test.mjs (TEST_ONLY_REFERENCE)"
"js/core/productiveRuleProfilePolicy.js","PRODUCTIVE_CORE","KEEP_PRODUCTIVE","HIGH","true","js/app.js (STATIC_REFERENCE), tests/productive-rule-profile-policy.test.mjs (TEST_ONLY_REFERENCE), tests/productive-rule-profile-policy.test.mjs (CONFIG_REFERENCE)"
"js/core/publicProjectionOutbox.js","PRODUCTIVE_CORE","KEEP_AUTHORITY","HIGH","true","js/core/firebaseSync.js (STATIC_REFERENCE), tests/public-projection-outbox.test.mjs (TEST_ONLY_REFERENCE), CHARROPRO-PUBLIC-PROJECTION-LIVE-FEED-SCORE-PUBLISH-RECOVERY-001/FILES_CHANGED.md (DOCUMENTATION_ONLY_REFERENCE), CHARROPRO-PUBLIC-PROJECTION-LIVE-FEED-SCORE-PUBLISH-RECOVERY-001/TEST_RESULTS.md (DOCUMENTATION_ONLY_REFERENCE), tests/public-projection-outbox.test.mjs (CONFIG_REFERENCE)"
"js/core/roles.js","PRODUCTIVE_CORE","KEEP_PRODUCTIVE","HIGH","true","js/app.js (STATIC_REFERENCE), js/core/firebaseSync.js (STATIC_REFERENCE), js/views/cronometro-control.js (STATIC_REFERENCE), js/views/graficos-control.js (STATIC_REFERENCE), js/views/jueces.js (STATIC_REFERENCE)"
"js/core/scorerComponents.js","PRODUCTIVE_CORE","KEEP_PRODUCTIVE","HIGH","true","js/app.js (STATIC_REFERENCE), tests/scorer-responsive-components.test.mjs (TEST_ONLY_REFERENCE), CHARROPRO-FMCH-2026-JINETEOS-DYNAMIC-IMPLEMENTATION-001/FILES_CHANGED.md (DOCUMENTATION_ONLY_REFERENCE), CHARROPRO-FMCH-2026-MANGANAS-PASO-IMPLEMENTATION-001/FILES_CHANGED.md (DOCUMENTATION_ONLY_REFERENCE), CHARROPRO-FMCH-2026-PIALES-COLEADERO-IMPLEMENTATION-001/FILES_CHANGED.md (DOCUMENTATION_ONLY_REFERENCE)"
"js/core/scorerSaveLatency.js","PRODUCTIVE_CORE","KEEP_PRODUCTIVE","HIGH","true","js/app.js (STATIC_REFERENCE), tests/scorer-save-latency.test.mjs (TEST_ONLY_REFERENCE), CHARROPRO-SCORER-SAVE-AND-NEXT-LATENCY-AUDIT-001/FILES_CHANGED.md (DOCUMENTATION_ONLY_REFERENCE), tests/scorer-save-latency.test.mjs (CONFIG_REFERENCE)"
"js/core/scoring.js","PRODUCTIVE_SCORER","KEEP_PRODUCTIVE","HIGH","true","js/app.js (STATIC_REFERENCE), js/core/exporters.js (STATIC_REFERENCE), js/core/history.js (STATIC_REFERENCE), js/core/statistics.js (STATIC_REFERENCE), js/core/sync.js (STATIC_REFERENCE)"
"js/core/scoringAttempt.js","PRODUCTIVE_SCORER","KEEP_AUTHORITY","HIGH","true","js/app.js (STATIC_REFERENCE), js/core/officialFormatSnapshot.js (STATIC_REFERENCE), js/core/scorerComponents.js (STATIC_REFERENCE), tests/fmch-2026-cala-scorer.test.mjs (TEST_ONLY_REFERENCE), tests/fmch-2026-jineteos-dynamic-scorer.test.mjs (TEST_ONLY_REFERENCE)"
"js/core/state.js","PRODUCTIVE_CORE","KEEP_PRODUCTIVE","HIGH","true","js/app.js (STATIC_REFERENCE), js/core/exporters.js (STATIC_REFERENCE), js/core/flow.js (STATIC_REFERENCE), js/core/history.js (STATIC_REFERENCE), js/core/officialFormat.js (STATIC_REFERENCE)"
"js/core/statistics.js","PRODUCTIVE_CORE","KEEP_PRODUCTIVE","HIGH","true","js/app.js (STATIC_REFERENCE), CHARROPRO-FMCH-2026-JINETEOS-DYNAMIC-IMPLEMENTATION-001/FILES_CHANGED.md (DOCUMENTATION_ONLY_REFERENCE), CHARROPRO-FMCH-2026-MANGANAS-PASO-IMPLEMENTATION-001/FILES_CHANGED.md (DOCUMENTATION_ONLY_REFERENCE), CHARROPRO-FMCH-2026-PIALES-COLEADERO-IMPLEMENTATION-001/FILES_CHANGED.md (DOCUMENTATION_ONLY_REFERENCE), CHARROPRO-FMCH-2026-TERNA-COMPLETE-IMPLEMENTATION-001/FILES_CHANGED.md (DOCUMENTATION_ONLY_REFERENCE)"
"js/core/supervisorNavigation.js","PRODUCTIVE_CORE","KEEP_PRODUCTIVE","HIGH","true","js/app.js (STATIC_REFERENCE), tests/supervisor-navigation.test.mjs (TEST_ONLY_REFERENCE), tests/supervisor-navigation.test.mjs (CONFIG_REFERENCE)"
"js/core/sync.js","PRODUCTIVE_CORE","KEEP_PRODUCTIVE","HIGH","true","js/app.js (STATIC_REFERENCE), js/views/grafico.js (STATIC_REFERENCE), js/views/locutores.js (STATIC_REFERENCE), js/views/obs.js (STATIC_REFERENCE), tests/official-timer-authority-sync.test.mjs (TEST_ONLY_REFERENCE)"
"js/core/timerRules.js","PRODUCTIVE_CORE","KEEP_PRODUCTIVE","HIGH","true","js/app.js (STATIC_REFERENCE), js/core/firebaseSync.js (STATIC_REFERENCE), js/core/state.js (STATIC_REFERENCE), js/core/sync.js (STATIC_REFERENCE), js/views/cronometro-control.js (STATIC_REFERENCE)"
"js/core/tournamentContext.js","PRODUCTIVE_CORE","KEEP_PRODUCTIVE","HIGH","true","js/app.js (STATIC_REFERENCE), js/views/jueces.js (STATIC_REFERENCE), tests/tournament-context.test.mjs (TEST_ONLY_REFERENCE), tests/tournament-context.test.mjs (CONFIG_REFERENCE)"
"js/core/version.js","PRODUCTIVE_CORE","KEEP_PRODUCTIVE","HIGH","true","js/app.js (STATIC_REFERENCE), js/broadcast/productionConsole.js (STATIC_REFERENCE), js/core/dom.js (STATIC_REFERENCE), js/core/sync.js (STATIC_REFERENCE), js/views/graficos-control.js (STATIC_REFERENCE)"
"js/core/xlsx.js","PRODUCTIVE_CORE","KEEP_PRODUCTIVE","HIGH","true","js/core/officialFormat.js (STATIC_REFERENCE), CHARROPRO-FMCH-OFFICIAL-DOCUMENT-SPECIFICATION-001/CURRENT_REPOSITORY_REFERENCES.md (DOCUMENTATION_ONLY_REFERENCE), CHARROPRO-FMCH-OFFICIAL-FORMAT-CERTIFICATION-STATE-RECONCILIATION-001/FILES_CHANGED.md (DOCUMENTATION_ONLY_REFERENCE), CHARROPRO-FMCH-OFFICIAL-TEAM-SHEET-HTML-PRINT-AND-GEOMETRY-FIDELITY-001/FILES_CHANGED.md (DOCUMENTATION_ONLY_REFERENCE), CHARROPRO-FMCH-OFFICIAL-TEAM-SHEET-PRE-JUDGE-FINAL-CORRECTIONS-001/FILES_CHANGED.md (DOCUMENTATION_ONLY_REFERENCE)"
"js/data/calaRules.js","PRODUCTIVE_SCORER","KEEP_PRODUCTIVE","HIGH","true","js/app.js (STATIC_REFERENCE), js/core/officialFormatSnapshot.js (STATIC_REFERENCE), js/core/scoring.js (STATIC_REFERENCE), js/core/state.js (STATIC_REFERENCE), js/data/ruleProfiles.js (STATIC_REFERENCE)"
"js/data/competitionTypes.js","PRODUCTIVE_SCORER","KEEP_PRODUCTIVE","HIGH","true","js/app.js (STATIC_REFERENCE), js/core/firebaseSync.js (STATIC_REFERENCE), js/core/state.js (STATIC_REFERENCE), js/core/sync.js (STATIC_REFERENCE), js/public/publicProjection.js (STATIC_REFERENCE)"
"js/data/defaultScoringButtonLayouts.js","PRODUCTIVE_SCORER","KEEP_PRODUCTIVE","HIGH","true","js/app.js (STATIC_REFERENCE), js/core/firebaseSync.js (STATIC_REFERENCE), js/core/state.js (STATIC_REFERENCE), CHARROPRO-SCORER-2026-BASELINE-AND-PRESERVATION-001/CURRENT_SCORER_COMPONENT_MAP.md (DOCUMENTATION_ONLY_REFERENCE)"
"js/data/fmch2026JineteosRules.js","PRODUCTIVE_SCORER","KEEP_PRODUCTIVE","HIGH","true","js/app.js (STATIC_REFERENCE), js/data/ruleProfiles.js (STATIC_REFERENCE), tests/fmch-2026-jineteos-dynamic-scorer.test.mjs (TEST_ONLY_REFERENCE), CHARROPRO-FMCH-2026-JINETEOS-DYNAMIC-IMPLEMENTATION-001/FILES_CHANGED.md (DOCUMENTATION_ONLY_REFERENCE), CHARROPRO-FMCH-2026-JINETEOS-DYNAMIC-IMPLEMENTATION-001/IMPLEMENTATION_SUMMARY.md (DOCUMENTATION_ONLY_REFERENCE)"
"js/data/fmch2026ManganasPasoRules.js","PRODUCTIVE_SCORER","KEEP_PRODUCTIVE","HIGH","true","js/app.js (STATIC_REFERENCE), js/data/ruleProfiles.js (STATIC_REFERENCE), tests/fmch-2026-manganas-paso-scorer.test.mjs (TEST_ONLY_REFERENCE), CHARROPRO-FMCH-2026-MANGANAS-PASO-IMPLEMENTATION-001/FILES_CHANGED.md (DOCUMENTATION_ONLY_REFERENCE), CHARROPRO-FMCH-2026-RULE-PROFILE-SPORTING-BLOCKERS-RESOLUTION-002/FILES_CHANGED.md (DOCUMENTATION_ONLY_REFERENCE)"
"js/data/fmch2026PialesColeaderoRules.js","PRODUCTIVE_SCORER","KEEP_PRODUCTIVE","HIGH","true","js/app.js (STATIC_REFERENCE), js/data/ruleProfiles.js (STATIC_REFERENCE), tests/fmch-2026-piales-coleadero-scorer.test.mjs (TEST_ONLY_REFERENCE), CHARROPRO-FMCH-2026-PIALES-COLEADERO-IMPLEMENTATION-001/FILES_CHANGED.md (DOCUMENTATION_ONLY_REFERENCE), CHARROPRO-FMCH-2026-PIALES-COLEADERO-IMPLEMENTATION-001/IMPLEMENTATION_SUMMARY.md (DOCUMENTATION_ONLY_REFERENCE)"
"js/data/fmch2026TernaRules.js","PRODUCTIVE_SCORER","KEEP_PRODUCTIVE","HIGH","true","js/app.js (STATIC_REFERENCE), js/core/state.js (STATIC_REFERENCE), js/data/ruleProfiles.js (STATIC_REFERENCE), tests/fmch-2026-terna-complete.test.mjs (TEST_ONLY_REFERENCE), tests/operational-validation-corrections-002.test.mjs (TEST_ONLY_REFERENCE)"
"js/data/ruleProfileTemporalPolicy.js","PRODUCTIVE_SCORER","KEEP_PRODUCTIVE","HIGH","true","js/data/ruleProfiles.js (STATIC_REFERENCE), tests/fmch-2026-rule-profile-certification.test.mjs (TEST_ONLY_REFERENCE), tests/rule-profile-lifecycle-authority.test.mjs (TEST_ONLY_REFERENCE), tests/rule-profile-temporal-policy.test.mjs (TEST_ONLY_REFERENCE), CHARROPRO-FMCH-2026-RULE-PROFILE-SPORTING-BLOCKERS-CERTIFICATION-001/CERTIFICATION_RECORD.md (DOCUMENTATION_ONLY_REFERENCE)"
"js/data/ruleProfiles.js","PRODUCTIVE_SCORER","KEEP_AUTHORITY","HIGH","true","js/core/localRuleProfileDefaults.js (STATIC_REFERENCE), js/data/suertes.js (STATIC_REFERENCE), tests/fixtures/fmch-jineteos-runtime.html (TEST_ONLY_REFERENCE), tests/fixtures/fmch-piales-coleadero-runtime.html (TEST_ONLY_REFERENCE), tests/fmch-2026-cala-scorer.test.mjs (TEST_ONLY_REFERENCE)"
"js/data/suertes.js","PRODUCTIVE_SCORER","KEEP_PRODUCTIVE","HIGH","true","js/app.js (STATIC_REFERENCE), js/core/exporters.js (STATIC_REFERENCE), js/core/history.js (STATIC_REFERENCE), js/core/scoring.js (STATIC_REFERENCE), js/core/state.js (STATIC_REFERENCE)"
"js/public/publicLiveFeed.js","PRODUCTIVE_VIEW","KEEP_PRODUCTIVE","HIGH","true","js/public/publicProjection.js (STATIC_REFERENCE), js/public/publicProjectionSchema.js (STATIC_REFERENCE), js/publicPortal/liveFeedModel.js (STATIC_REFERENCE), tests/public-live-feed-integration.test.mjs (TEST_ONLY_REFERENCE), tests/public-live-feed-templates.test.mjs (TEST_ONLY_REFERENCE)"
"js/public/publicPortalClient.js","PRODUCTIVE_VIEW","KEEP_PRODUCTIVE","HIGH","true","js/publicPortal/portalApp.js (STATIC_REFERENCE), tests/public-foundation-integration.test.mjs (TEST_ONLY_REFERENCE), tests/public-portal-client.test.mjs (TEST_ONLY_REFERENCE), PUBLIC_FOUNDATION_V1.md (DOCUMENTATION_ONLY_REFERENCE), tests/public-foundation-integration.test.mjs (CONFIG_REFERENCE)"
"js/public/publicProjection.js","PRODUCTIVE_VIEW","KEEP_PRODUCTIVE","HIGH","true","js/core/firebaseSync.js (STATIC_REFERENCE), js/public/publicProjectionLegacyAdapter.js (STATIC_REFERENCE), tests/public-foundation-integration.test.mjs (TEST_ONLY_REFERENCE), tests/public-live-feed.test.mjs (TEST_ONLY_REFERENCE), tests/public-portal-client.test.mjs (TEST_ONLY_REFERENCE)"
"js/public/publicProjectionLegacyAdapter.js","PRODUCTIVE_VIEW","KEEP_PRODUCTIVE","HIGH","true","js/core/firebaseSync.js (STATIC_REFERENCE), js/public/publicPortalClient.js (STATIC_REFERENCE), tests/public-projection.test.mjs (TEST_ONLY_REFERENCE), CHARROPRO_MASTER_AUDIT_MODULE_MATRIX.md (DOCUMENTATION_ONLY_REFERENCE), PUBLIC_FOUNDATION_V1.md (DOCUMENTATION_ONLY_REFERENCE)"
"js/public/publicProjectionSchema.js","PRODUCTIVE_VIEW","KEEP_PRODUCTIVE","HIGH","true","js/core/firebaseSync.js (STATIC_REFERENCE), js/public/publicPortalClient.js (STATIC_REFERENCE), js/public/publicProjection.js (STATIC_REFERENCE), tests/public-live-feed.test.mjs (TEST_ONLY_REFERENCE), tests/public-portal-partial-standings.test.mjs (TEST_ONLY_REFERENCE)"
"js/publicPortal/liveFeedModel.js","PRODUCTIVE_VIEW","KEEP_PRODUCTIVE","HIGH","true","js/publicPortal/portalSelectors.js (STATIC_REFERENCE), tests/public-live-feed-templates.test.mjs (TEST_ONLY_REFERENCE), tests/public-live-feed-templates.test.mjs (CONFIG_REFERENCE)"
"js/publicPortal/liveFeedTemplates.js","PRODUCTIVE_VIEW","KEEP_PRODUCTIVE","HIGH","true","js/publicPortal/liveFeedModel.js (STATIC_REFERENCE), tests/public-live-feed-templates.test.mjs (TEST_ONLY_REFERENCE), tests/public-live-feed-templates.test.mjs (CONFIG_REFERENCE)"
"js/publicPortal/portalApp.js","PRODUCTIVE_VIEW","KEEP_PRODUCTIVE","HIGH","true","js/views/torneo-publico.js (STATIC_REFERENCE), CHARROPRO-FMCH-2026-JINETEOS-DYNAMIC-IMPLEMENTATION-001/FILES_CHANGED.md (DOCUMENTATION_ONLY_REFERENCE), CHARROPRO-FMCH-2026-MANGANAS-PASO-IMPLEMENTATION-001/FILES_CHANGED.md (DOCUMENTATION_ONLY_REFERENCE), CHARROPRO-FMCH-2026-PIALES-COLEADERO-IMPLEMENTATION-001/FILES_CHANGED.md (DOCUMENTATION_ONLY_REFERENCE), CHARROPRO-FMCH-2026-TERNA-COMPLETE-IMPLEMENTATION-001/FILES_CHANGED.md (DOCUMENTATION_ONLY_REFERENCE)"
"js/publicPortal/portalRender.js","PRODUCTIVE_VIEW","KEEP_PRODUCTIVE","HIGH","true","js/publicPortal/portalApp.js (STATIC_REFERENCE), tests/fixtures/publicPortalUxFixture.js (TEST_ONLY_REFERENCE), tests/public-portal-partial-standings.test.mjs (TEST_ONLY_REFERENCE), CHARROPRO-OPERATIONAL-FLOW-AND-PUBLIC-PORTAL-CORRECTIONS-001/FILES_CHANGED.md (DOCUMENTATION_ONLY_REFERENCE), PUBLIC_PORTAL_CORE_V1.md (DOCUMENTATION_ONLY_REFERENCE)"
"js/publicPortal/portalRouter.js","PRODUCTIVE_VIEW","KEEP_PRODUCTIVE","HIGH","true","js/publicPortal/portalApp.js (STATIC_REFERENCE), tests/public-portal-router.test.mjs (TEST_ONLY_REFERENCE), PUBLIC_PORTAL_CORE_V1.md (DOCUMENTATION_ONLY_REFERENCE), tests/public-portal-core.test.mjs (CONFIG_REFERENCE), tests/public-portal-router.test.mjs (CONFIG_REFERENCE)"
"js/publicPortal/portalSelectors.js","PRODUCTIVE_VIEW","KEEP_PRODUCTIVE","HIGH","true","js/publicPortal/portalApp.js (STATIC_REFERENCE), js/publicPortal/portalRender.js (STATIC_REFERENCE), tests/fixtures/publicPortalUxFixture.js (TEST_ONLY_REFERENCE), tests/public-portal-partial-standings.test.mjs (TEST_ONLY_REFERENCE), tests/public-portal-selectors.test.mjs (TEST_ONLY_REFERENCE)"
"js/tournamentApp.js","PRODUCTIVE_CORE","KEEP_PRODUCTIVE","HIGH","true","torneo.html (HTML_REFERENCE), CHARROPRO-FMCH-2026-JINETEOS-DYNAMIC-IMPLEMENTATION-001/FILES_CHANGED.md (DOCUMENTATION_ONLY_REFERENCE), CHARROPRO-FMCH-2026-MANGANAS-PASO-IMPLEMENTATION-001/FILES_CHANGED.md (DOCUMENTATION_ONLY_REFERENCE), CHARROPRO-FMCH-2026-PIALES-COLEADERO-IMPLEMENTATION-001/FILES_CHANGED.md (DOCUMENTATION_ONLY_REFERENCE), CHARROPRO-FMCH-2026-TERNA-COMPLETE-IMPLEMENTATION-001/FILES_CHANGED.md (DOCUMENTATION_ONLY_REFERENCE)"
"js/views/cronometro-control.js","PRODUCTIVE_VIEW","KEEP_PRODUCTIVE","HIGH","true","cronometro.html (HTML_REFERENCE), tests/official-timer-authority-sync.test.mjs (TEST_ONLY_REFERENCE), CHARROPRO-FMCH-2026-JINETEOS-DYNAMIC-IMPLEMENTATION-001/FILES_CHANGED.md (DOCUMENTATION_ONLY_REFERENCE), CHARROPRO-FMCH-2026-MANGANAS-PASO-IMPLEMENTATION-001/FILES_CHANGED.md (DOCUMENTATION_ONLY_REFERENCE), CHARROPRO-FMCH-2026-PIALES-COLEADERO-IMPLEMENTATION-001/FILES_CHANGED.md (DOCUMENTATION_ONLY_REFERENCE)"
"js/views/cronometro-pantalla.js","PRODUCTIVE_VIEW","KEEP_PRODUCTIVE","HIGH","true","cronometro-pantalla.html (HTML_REFERENCE), tests/official-timer-authority-sync.test.mjs (TEST_ONLY_REFERENCE), CHARROPRO-FMCH-2026-JINETEOS-DYNAMIC-IMPLEMENTATION-001/FILES_CHANGED.md (DOCUMENTATION_ONLY_REFERENCE), CHARROPRO-FMCH-2026-MANGANAS-PASO-IMPLEMENTATION-001/FILES_CHANGED.md (DOCUMENTATION_ONLY_REFERENCE), CHARROPRO-FMCH-2026-PIALES-COLEADERO-IMPLEMENTATION-001/FILES_CHANGED.md (DOCUMENTATION_ONLY_REFERENCE)"
"js/views/formato-federacion.js","PRODUCTIVE_VIEW","KEEP_PRODUCTIVE","HIGH","true","formato-federacion.html (HTML_REFERENCE), tests/official-format-html-print-geometry.test.mjs (TEST_ONLY_REFERENCE), tests/official-format-pre-judge-final-corrections.test.mjs (TEST_ONLY_REFERENCE), CHARROPRO-FMCH-2026-JINETEOS-DYNAMIC-IMPLEMENTATION-001/FILES_CHANGED.md (DOCUMENTATION_ONLY_REFERENCE), CHARROPRO-FMCH-2026-MANGANAS-PASO-IMPLEMENTATION-001/FILES_CHANGED.md (DOCUMENTATION_ONLY_REFERENCE)"
"js/views/grafico.js","PRODUCTIVE_VIEW","KEEP_PRODUCTIVE","HIGH","true","grafico-cala-detalle.html (HTML_REFERENCE), grafico-caladero-turno.html (HTML_REFERENCE), grafico-categoria.html (HTML_REFERENCE), grafico-coleadero-turno.html (HTML_REFERENCE), grafico-coleadero.html (HTML_REFERENCE)"
"js/views/graficos-control.js","PRODUCTIVE_VIEW","KEEP_PRODUCTIVE","HIGH","true","graficos.html (HTML_REFERENCE), CHARROPRO-FMCH-2026-JINETEOS-DYNAMIC-IMPLEMENTATION-001/FILES_CHANGED.md (DOCUMENTATION_ONLY_REFERENCE), CHARROPRO-FMCH-2026-MANGANAS-PASO-IMPLEMENTATION-001/FILES_CHANGED.md (DOCUMENTATION_ONLY_REFERENCE), CHARROPRO-FMCH-2026-PIALES-COLEADERO-IMPLEMENTATION-001/FILES_CHANGED.md (DOCUMENTATION_ONLY_REFERENCE), CHARROPRO-FMCH-2026-TERNA-COMPLETE-IMPLEMENTATION-001/FILES_CHANGED.md (DOCUMENTATION_ONLY_REFERENCE)"
"js/views/jueces.js","PRODUCTIVE_VIEW","KEEP_PRODUCTIVE","HIGH","true","jueces.html (HTML_REFERENCE), CHARROPRO-FMCH-2026-JINETEOS-DYNAMIC-IMPLEMENTATION-001/FILES_CHANGED.md (DOCUMENTATION_ONLY_REFERENCE), CHARROPRO-FMCH-2026-MANGANAS-PASO-IMPLEMENTATION-001/FILES_CHANGED.md (DOCUMENTATION_ONLY_REFERENCE), CHARROPRO-FMCH-2026-PIALES-COLEADERO-IMPLEMENTATION-001/FILES_CHANGED.md (DOCUMENTATION_ONLY_REFERENCE), CHARROPRO-FMCH-2026-TERNA-COMPLETE-IMPLEMENTATION-001/FILES_CHANGED.md (DOCUMENTATION_ONLY_REFERENCE)"
"js/views/locutores.js","PRODUCTIVE_VIEW","KEEP_PRODUCTIVE","HIGH","true","locutores.html (HTML_REFERENCE), CHARROPRO-FMCH-2026-JINETEOS-DYNAMIC-IMPLEMENTATION-001/FILES_CHANGED.md (DOCUMENTATION_ONLY_REFERENCE), CHARROPRO-FMCH-2026-MANGANAS-PASO-IMPLEMENTATION-001/FILES_CHANGED.md (DOCUMENTATION_ONLY_REFERENCE), CHARROPRO-FMCH-2026-PIALES-COLEADERO-IMPLEMENTATION-001/FILES_CHANGED.md (DOCUMENTATION_ONLY_REFERENCE), CHARROPRO-FMCH-2026-TERNA-COMPLETE-IMPLEMENTATION-001/FILES_CHANGED.md (DOCUMENTATION_ONLY_REFERENCE)"
"js/views/obs.js","PRODUCTIVE_VIEW","KEEP_PRODUCTIVE","HIGH","true","obs.html (HTML_REFERENCE), CHARROPRO-FMCH-2026-JINETEOS-DYNAMIC-IMPLEMENTATION-001/FILES_CHANGED.md (DOCUMENTATION_ONLY_REFERENCE), CHARROPRO-FMCH-2026-MANGANAS-PASO-IMPLEMENTATION-001/FILES_CHANGED.md (DOCUMENTATION_ONLY_REFERENCE), CHARROPRO-FMCH-2026-PIALES-COLEADERO-IMPLEMENTATION-001/FILES_CHANGED.md (DOCUMENTATION_ONLY_REFERENCE), CHARROPRO-FMCH-2026-TERNA-COMPLETE-IMPLEMENTATION-001/FILES_CHANGED.md (DOCUMENTATION_ONLY_REFERENCE)"
"js/views/supervision.js","PRODUCTIVE_VIEW","KEEP_PRODUCTIVE","HIGH","true","supervision.html (HTML_REFERENCE), CHARROPRO-FMCH-2026-JINETEOS-DYNAMIC-IMPLEMENTATION-001/FILES_CHANGED.md (DOCUMENTATION_ONLY_REFERENCE), CHARROPRO-FMCH-2026-MANGANAS-PASO-IMPLEMENTATION-001/FILES_CHANGED.md (DOCUMENTATION_ONLY_REFERENCE), CHARROPRO-FMCH-2026-PIALES-COLEADERO-IMPLEMENTATION-001/FILES_CHANGED.md (DOCUMENTATION_ONLY_REFERENCE), CHARROPRO-FMCH-2026-TERNA-COMPLETE-IMPLEMENTATION-001/FILES_CHANGED.md (DOCUMENTATION_ONLY_REFERENCE)"
"js/views/torneo-publico.js","PRODUCTIVE_VIEW","KEEP_PRODUCTIVE","HIGH","true","torneo-publico.html (HTML_REFERENCE), CHARROPRO-FMCH-2026-JINETEOS-DYNAMIC-IMPLEMENTATION-001/FILES_CHANGED.md (DOCUMENTATION_ONLY_REFERENCE), CHARROPRO-FMCH-2026-MANGANAS-PASO-IMPLEMENTATION-001/FILES_CHANGED.md (DOCUMENTATION_ONLY_REFERENCE), CHARROPRO-FMCH-2026-PIALES-COLEADERO-IMPLEMENTATION-001/FILES_CHANGED.md (DOCUMENTATION_ONLY_REFERENCE), CHARROPRO-FMCH-2026-TERNA-COMPLETE-IMPLEMENTATION-001/FILES_CHANGED.md (DOCUMENTATION_ONLY_REFERENCE)"
"jueces.html","PRODUCTIVE_ENTRYPOINT","KEEP_PRODUCTIVE","HIGH","true","CHARROPRO-FMCH-2026-JINETEOS-DYNAMIC-IMPLEMENTATION-001/FILES_CHANGED.md (DOCUMENTATION_ONLY_REFERENCE), CHARROPRO-FMCH-2026-MANGANAS-PASO-IMPLEMENTATION-001/FILES_CHANGED.md (DOCUMENTATION_ONLY_REFERENCE), CHARROPRO-FMCH-2026-PIALES-COLEADERO-IMPLEMENTATION-001/FILES_CHANGED.md (DOCUMENTATION_ONLY_REFERENCE), CHARROPRO-FMCH-2026-TERNA-COMPLETE-IMPLEMENTATION-001/FILES_CHANGED.md (DOCUMENTATION_ONLY_REFERENCE), CHARROPRO-FMCH-CURRENT-SCORER-FUNCTIONAL-AUDIT-001/SCORER_ENTRYPOINTS.md (DOCUMENTATION_ONLY_REFERENCE)"
"locutores.html","PRODUCTIVE_ENTRYPOINT","KEEP_PRODUCTIVE","HIGH","true","CHARROPRO-FMCH-2026-JINETEOS-DYNAMIC-IMPLEMENTATION-001/FILES_CHANGED.md (DOCUMENTATION_ONLY_REFERENCE), CHARROPRO-FMCH-2026-MANGANAS-PASO-IMPLEMENTATION-001/FILES_CHANGED.md (DOCUMENTATION_ONLY_REFERENCE), CHARROPRO-FMCH-2026-PIALES-COLEADERO-IMPLEMENTATION-001/FILES_CHANGED.md (DOCUMENTATION_ONLY_REFERENCE), CHARROPRO-FMCH-2026-TERNA-COMPLETE-IMPLEMENTATION-001/FILES_CHANGED.md (DOCUMENTATION_ONLY_REFERENCE), CHARROPRO-OFFICIAL-TIMER-AUTHORITY-AND-SYNC-INTEGRATION-001/FILES_CHANGED.md (DOCUMENTATION_ONLY_REFERENCE)"
"obs.html","PRODUCTIVE_ENTRYPOINT","KEEP_PRODUCTIVE","HIGH","true","no parsed consumer; path/role classification requires review"
"production-console.html","PRODUCTIVE_BROADCAST","KEEP_PRODUCTIVE","HIGH","true","tests/production-console.test.mjs (TEST_ONLY_REFERENCE), tests/production-nav.test.mjs (TEST_ONLY_REFERENCE), CHARROPRO-FMCH-2026-JINETEOS-DYNAMIC-IMPLEMENTATION-001/FILES_CHANGED.md (DOCUMENTATION_ONLY_REFERENCE), CHARROPRO-FMCH-2026-MANGANAS-PASO-IMPLEMENTATION-001/FILES_CHANGED.md (DOCUMENTATION_ONLY_REFERENCE), CHARROPRO-FMCH-2026-PIALES-COLEADERO-IMPLEMENTATION-001/FILES_CHANGED.md (DOCUMENTATION_ONLY_REFERENCE)"
"program-main-output.html","PRODUCTIVE_BROADCAST","KEEP_PRODUCTIVE","HIGH","true","production-console.html (HTML_REFERENCE), production-console.html (CONFIG_REFERENCE), tests/program-main-output.test.mjs (TEST_ONLY_REFERENCE), BROADCAST_PROGRAM_MAIN_OUTPUT_V1.md (DOCUMENTATION_ONLY_REFERENCE), BROADCAST_REALTIME_LIVE_V1.md (DOCUMENTATION_ONLY_REFERENCE)"
"storage.rules","PRODUCTIVE_FIREBASE","KEEP_PRODUCTIVE","MEDIUM","true","CHARROPRO-DEVELOPMENT-INFRASTRUCTURE-FOUNDATION-001/EMULATOR_CONFIGURATION.md (DOCUMENTATION_ONLY_REFERENCE), CHARROPRO-DEVELOPMENT-INFRASTRUCTURE-FOUNDATION-001/FILES_CHANGED.md (DOCUMENTATION_ONLY_REFERENCE), CHARROPRO-DEVELOPMENT-INFRASTRUCTURE-FOUNDATION-001/RISKS.md (DOCUMENTATION_ONLY_REFERENCE), firebase.json (CONFIG_REFERENCE), tests/development-infrastructure.test.mjs (CONFIG_REFERENCE)"
"supervision.html","PRODUCTIVE_ENTRYPOINT","KEEP_PRODUCTIVE","HIGH","true","CHARROPRO-FMCH-2026-JINETEOS-DYNAMIC-IMPLEMENTATION-001/FILES_CHANGED.md (DOCUMENTATION_ONLY_REFERENCE), CHARROPRO-FMCH-2026-MANGANAS-PASO-IMPLEMENTATION-001/FILES_CHANGED.md (DOCUMENTATION_ONLY_REFERENCE), CHARROPRO-FMCH-2026-PIALES-COLEADERO-IMPLEMENTATION-001/FILES_CHANGED.md (DOCUMENTATION_ONLY_REFERENCE), CHARROPRO-FMCH-2026-TERNA-COMPLETE-IMPLEMENTATION-001/FILES_CHANGED.md (DOCUMENTATION_ONLY_REFERENCE), CHARROPRO-OFFICIAL-TIMER-AUTHORITY-AND-SYNC-INTEGRATION-001/FILES_CHANGED.md (DOCUMENTATION_ONLY_REFERENCE)"
"tests/access-session-platform-admin.test.mjs","TEST","KEEP_CERTIFICATION_EVIDENCE","MEDIUM","false","no parsed consumer; path/role classification requires review"
"tests/announcer-monitor.test.mjs","TEST","KEEP_CERTIFICATION_EVIDENCE","MEDIUM","false","BROADCAST_ANNOUNCER_MONITOR_V1.md (DOCUMENTATION_ONLY_REFERENCE), CHARROPRO-FMCH-2026-JINETEOS-DYNAMIC-IMPLEMENTATION-001/FILES_CHANGED.md (DOCUMENTATION_ONLY_REFERENCE), CHARROPRO-FMCH-2026-MANGANAS-PASO-IMPLEMENTATION-001/FILES_CHANGED.md (DOCUMENTATION_ONLY_REFERENCE), CHARROPRO-FMCH-2026-PIALES-COLEADERO-IMPLEMENTATION-001/FILES_CHANGED.md (DOCUMENTATION_ONLY_REFERENCE), CHARROPRO-FMCH-2026-TERNA-COMPLETE-IMPLEMENTATION-001/FILES_CHANGED.md (DOCUMENTATION_ONLY_REFERENCE)"
"tests/backup-foundation.test.mjs","TEST","KEEP_CERTIFICATION_EVIDENCE","MEDIUM","false","CHARROPRO-BACKUP-AND-RECOVERY-FOUNDATION-001/FILES_CHANGED.md (DOCUMENTATION_ONLY_REFERENCE), CHARROPRO-BACKUP-AND-RECOVERY-FOUNDATION-001/ROLLBACK.md (DOCUMENTATION_ONLY_REFERENCE), CHARROPRO-BACKUP-AND-RECOVERY-FOUNDATION-001/TEST_RESULTS.md (DOCUMENTATION_ONLY_REFERENCE), CHARROPRO-RULE-PROFILE-ENGINE-001/RULE_PROFILE_TEST_EVIDENCE.md (DOCUMENTATION_ONLY_REFERENCE)"
"tests/backup-restore-validation.test.mjs","TEST","KEEP_CERTIFICATION_EVIDENCE","MEDIUM","false","CHARROPRO-BACKUP-RESTORE-VALIDATION-001/FILES_CHANGED.md (DOCUMENTATION_ONLY_REFERENCE), CHARROPRO-BACKUP-RESTORE-VALIDATION-001/TEST_RESULTS.md (DOCUMENTATION_ONLY_REFERENCE), CHARROPRO-BACKUP-RESTORE-VALIDATION-001/VALIDATION.md (DOCUMENTATION_ONLY_REFERENCE), CHARROPRO-RULE-PROFILE-ENGINE-001/RULE_PROFILE_TEST_EVIDENCE.md (DOCUMENTATION_ONLY_REFERENCE)"
"tests/broadcast-access-hub.test.mjs","TEST","KEEP_CERTIFICATION_EVIDENCE","MEDIUM","false","no parsed consumer; path/role classification requires review"
"tests/broadcast-action-engine.test.mjs","TEST","KEEP_CERTIFICATION_EVIDENCE","MEDIUM","false","DESPLIEGUE_CHARROPRO.md (DOCUMENTATION_ONLY_REFERENCE)"
"tests/broadcast-asset-manager.test.mjs","TEST","KEEP_CERTIFICATION_EVIDENCE","MEDIUM","false","BROADCAST_ASSET_MANAGER_V1.md (DOCUMENTATION_ONLY_REFERENCE), DESPLIEGUE_CHARROPRO.md (DOCUMENTATION_ONLY_REFERENCE)"
"tests/broadcast-component-library.test.mjs","TEST","KEEP_CERTIFICATION_EVIDENCE","MEDIUM","false","DESPLIEGUE_CHARROPRO.md (DOCUMENTATION_ONLY_REFERENCE)"
"tests/broadcast-component-renderer.test.mjs","TEST","KEEP_CERTIFICATION_EVIDENCE","MEDIUM","false","no parsed consumer; path/role classification requires review"
"tests/broadcast-data-contract.test.mjs","TEST","KEEP_CERTIFICATION_EVIDENCE","MEDIUM","false","no parsed consumer; path/role classification requires review"
"tests/broadcast-output-routing.test.mjs","TEST","KEEP_CERTIFICATION_EVIDENCE","MEDIUM","false","no parsed consumer; path/role classification requires review"
"tests/broadcast-output.test.mjs","TEST","KEEP_CERTIFICATION_EVIDENCE","MEDIUM","false","DESPLIEGUE_CHARROPRO.md (DOCUMENTATION_ONLY_REFERENCE)"
"tests/broadcast-playground.test.mjs","TEST","KEEP_CERTIFICATION_EVIDENCE","MEDIUM","false","no parsed consumer; path/role classification requires review"
"tests/broadcast-preview-engine.test.mjs","TEST","KEEP_CERTIFICATION_EVIDENCE","MEDIUM","false","no parsed consumer; path/role classification requires review"
"tests/broadcast-program-engine.test.mjs","TEST","KEEP_CERTIFICATION_EVIDENCE","MEDIUM","false","no parsed consumer; path/role classification requires review"
"tests/broadcast-program-projection.test.mjs","TEST","KEEP_CERTIFICATION_EVIDENCE","MEDIUM","false","no parsed consumer; path/role classification requires review"
"tests/broadcast-realtime-transport.test.mjs","TEST","KEEP_CERTIFICATION_EVIDENCE","MEDIUM","false","no parsed consumer; path/role classification requires review"
"tests/broadcast-state.test.mjs","TEST","KEEP_CERTIFICATION_EVIDENCE","MEDIUM","false","no parsed consumer; path/role classification requires review"
"tests/broadcast-studio-workspace.test.mjs","TEST","KEEP_CERTIFICATION_EVIDENCE","MEDIUM","false","CHARROPRO-FMCH-2026-JINETEOS-DYNAMIC-IMPLEMENTATION-001/FILES_CHANGED.md (DOCUMENTATION_ONLY_REFERENCE), CHARROPRO-FMCH-2026-MANGANAS-PASO-IMPLEMENTATION-001/FILES_CHANGED.md (DOCUMENTATION_ONLY_REFERENCE), CHARROPRO-FMCH-2026-PIALES-COLEADERO-IMPLEMENTATION-001/FILES_CHANGED.md (DOCUMENTATION_ONLY_REFERENCE), CHARROPRO-FMCH-2026-TERNA-COMPLETE-IMPLEMENTATION-001/FILES_CHANGED.md (DOCUMENTATION_ONLY_REFERENCE), CHARROPRO-OFFICIAL-TIMER-AUTHORITY-AND-SYNC-INTEGRATION-001/FILES_CHANGED.md (DOCUMENTATION_ONLY_REFERENCE)"
"tests/broadcast-template-engine.test.mjs","TEST","KEEP_CERTIFICATION_EVIDENCE","MEDIUM","false","DESPLIEGUE_CHARROPRO.md (DOCUMENTATION_ONLY_REFERENCE)"
"tests/broadcast-theme-engine.test.mjs","TEST","KEEP_CERTIFICATION_EVIDENCE","MEDIUM","false","DESPLIEGUE_CHARROPRO.md (DOCUMENTATION_ONLY_REFERENCE)"
"tests/browser-output.test.mjs","TEST","KEEP_CERTIFICATION_EVIDENCE","MEDIUM","false","no parsed consumer; path/role classification requires review"
"tests/cala-rules.test.mjs","TEST","KEEP_CERTIFICATION_EVIDENCE","MEDIUM","false","CHARROPRO-FMCH-2026-CALA-SCORER-001/FILES_CHANGED.md (DOCUMENTATION_ONLY_REFERENCE), CHARROPRO-FMCH-OFFICIAL-DOCUMENT-SPECIFICATION-001/CURRENT_REPOSITORY_REFERENCES.md (DOCUMENTATION_ONLY_REFERENCE), CHARROPRO-FMCH-OFFICIAL-TEAM-SHEET-SEMANTIC-FIELD-CERTIFICATION-001/FILES_CHANGED.md (DOCUMENTATION_ONLY_REFERENCE), CHARROPRO-FMCH-OFFICIAL-TEAM-SHEET-SEMANTIC-FIELD-CERTIFICATION-001/TEST_RESULTS.md (DOCUMENTATION_ONLY_REFERENCE), CHARROPRO-SCORING-ATTEMPT-MODEL-V2-001/SCORING_ATTEMPT_V2_TEST_EVIDENCE.md (DOCUMENTATION_ONLY_REFERENCE)"
"tests/configuration-management.test.mjs","TEST","KEEP_CERTIFICATION_EVIDENCE","MEDIUM","false","CHARROPRO-CONFIGURATION-MANAGEMENT-001/FILES_CHANGED.md (DOCUMENTATION_ONLY_REFERENCE), CHARROPRO-CONFIGURATION-MANAGEMENT-001/TEST_RESULTS.md (DOCUMENTATION_ONLY_REFERENCE), CHARROPRO-CONFIGURATION-MANAGEMENT-001/VALIDATION.md (DOCUMENTATION_ONLY_REFERENCE), CHARROPRO-PENDING-REVIEW-AND-FULL-SCORER-INTEGRATION-001/TEST_EVIDENCE.md (DOCUMENTATION_ONLY_REFERENCE), CHARROPRO-SCORER-SCREEN-BY-SCREEN-UX-REFINEMENT-001/TEST_EVIDENCE.md (DOCUMENTATION_ONLY_REFERENCE)"
"tests/development-infrastructure.test.mjs","TEST","KEEP_CERTIFICATION_EVIDENCE","MEDIUM","false","CHARROPRO-DEVELOPMENT-INFRASTRUCTURE-FOUNDATION-001/FILES_CHANGED.md (DOCUMENTATION_ONLY_REFERENCE), CHARROPRO-DEVELOPMENT-INFRASTRUCTURE-FOUNDATION-001/VALIDATION.md (DOCUMENTATION_ONLY_REFERENCE)"
"tests/firebase-broadcast-rules.test.mjs","TEST","KEEP_CERTIFICATION_EVIDENCE","MEDIUM","false","no parsed consumer; path/role classification requires review"
"tests/firebase-public-rules.test.mjs","TEST","KEEP_CERTIFICATION_EVIDENCE","MEDIUM","false","CHARROPRO-PUBLIC-PROJECTION-LIVE-FEED-SCORE-PUBLISH-RECOVERY-001/FILES_CHANGED.md (DOCUMENTATION_ONLY_REFERENCE), CHARROPRO-PUBLIC-PROJECTION-LIVE-FEED-SCORE-PUBLISH-RECOVERY-001/TEST_RESULTS.md (DOCUMENTATION_ONLY_REFERENCE)"
"tests/firebase-rule-profile-lifecycle-rules.test.mjs","TEST","KEEP_CERTIFICATION_EVIDENCE","MEDIUM","false","CHARROPRO-RULE-PROFILE-PRODUCTION-LIFECYCLE-AUTHORITY-001/FILES_CHANGED.md (DOCUMENTATION_ONLY_REFERENCE)"
"tests/firebase-runtime-local.test.mjs","TEST","KEEP_CERTIFICATION_EVIDENCE","MEDIUM","false","CHARROPRO-WEB-CLIENT-EMULATOR-RUNTIME-INTEGRATION-001/FILES_CHANGED.md (DOCUMENTATION_ONLY_REFERENCE), CHARROPRO-WEB-CLIENT-EMULATOR-RUNTIME-INTEGRATION-001/TEST_RESULTS.md (DOCUMENTATION_ONLY_REFERENCE)"
"tests/fixtures/fmch-jineteos-runtime.html","FIXTURE","KEEP_CERTIFICATION_EVIDENCE","MEDIUM","false","tests/fmch-2026-jineteos-dynamic-scorer.test.mjs (TEST_ONLY_REFERENCE), CHARROPRO-FMCH-2026-JINETEOS-DYNAMIC-IMPLEMENTATION-001/FILES_CHANGED.md (DOCUMENTATION_ONLY_REFERENCE), CHARROPRO-FMCH-2026-MANGANAS-PASO-IMPLEMENTATION-001/FILES_CHANGED.md (DOCUMENTATION_ONLY_REFERENCE), CHARROPRO-FMCH-2026-TERNA-COMPLETE-IMPLEMENTATION-001/FILES_CHANGED.md (DOCUMENTATION_ONLY_REFERENCE), CHARROPRO-OFFICIAL-TIMER-AUTHORITY-AND-SYNC-INTEGRATION-001/FILES_CHANGED.md (DOCUMENTATION_ONLY_REFERENCE)"
"tests/fixtures/fmch-piales-coleadero-runtime.html","FIXTURE","KEEP_CERTIFICATION_EVIDENCE","MEDIUM","false","tests/fmch-2026-piales-coleadero-scorer.test.mjs (TEST_ONLY_REFERENCE), CHARROPRO-FMCH-2026-JINETEOS-DYNAMIC-IMPLEMENTATION-001/FILES_CHANGED.md (DOCUMENTATION_ONLY_REFERENCE), CHARROPRO-FMCH-2026-MANGANAS-PASO-IMPLEMENTATION-001/FILES_CHANGED.md (DOCUMENTATION_ONLY_REFERENCE), CHARROPRO-FMCH-2026-PIALES-COLEADERO-IMPLEMENTATION-001/FILES_CHANGED.md (DOCUMENTATION_ONLY_REFERENCE), CHARROPRO-FMCH-2026-TERNA-COMPLETE-IMPLEMENTATION-001/FILES_CHANGED.md (DOCUMENTATION_ONLY_REFERENCE)"
"tests/fixtures/official-format-web-geometry.html","FIXTURE","KEEP_CERTIFICATION_EVIDENCE","MEDIUM","false","CHARROPRO-FMCH-OFFICIAL-TEAM-SHEET-PRE-JUDGE-FINAL-CORRECTIONS-001/FILES_CHANGED.md (DOCUMENTATION_ONLY_REFERENCE)"
"tests/fixtures/public-portal-ux-responsive.html","FIXTURE","KEEP_CERTIFICATION_EVIDENCE","MEDIUM","false","tests/public-portal-design-system-v2.test.mjs (CONFIG_REFERENCE), tests/public-portal-ux.test.mjs (CONFIG_REFERENCE)"
"tests/fixtures/public-portal-ux.html","FIXTURE","KEEP_CERTIFICATION_EVIDENCE","MEDIUM","false","tests/fixtures/public-portal-ux-responsive.html (TEST_ONLY_REFERENCE), CHARROPRO-OPERATIONAL-FLOW-AND-PUBLIC-PORTAL-CORRECTIONS-001/FILES_CHANGED.md (DOCUMENTATION_ONLY_REFERENCE), CHARROPRO-OPERATIONAL-VALIDATION-CORRECTIONS-002/FILES_CHANGED.md (DOCUMENTATION_ONLY_REFERENCE), CHARROPRO-SCORER-OPERATIONAL-STABILIZATION-CHECKPOINT-001/WORKING_TREE_AUDIT.md (DOCUMENTATION_ONLY_REFERENCE)"
"tests/fixtures/publicPortalUxFixture.js","FIXTURE","KEEP_CERTIFICATION_EVIDENCE","MEDIUM","false","tests/fixtures/public-portal-ux.html (TEST_ONLY_REFERENCE), tests/public-portal-design-system-v2.test.mjs (TEST_ONLY_REFERENCE), CHARROPRO-OPERATIONAL-FLOW-AND-PUBLIC-PORTAL-CORRECTIONS-001/FILES_CHANGED.md (DOCUMENTATION_ONLY_REFERENCE), CHARROPRO-OPERATIONAL-VALIDATION-CORRECTIONS-002/FILES_CHANGED.md (DOCUMENTATION_ONLY_REFERENCE), CHARROPRO-SCORER-OPERATIONAL-STABILIZATION-CHECKPOINT-001/WORKING_TREE_AUDIT.md (DOCUMENTATION_ONLY_REFERENCE)"
"tests/fixtures/scorer-responsive-viewport.html","FIXTURE","KEEP_CERTIFICATION_EVIDENCE","MEDIUM","false","CHARROPRO-FMCH-2026-CALA-SCORER-001/FILES_CHANGED.md (DOCUMENTATION_ONLY_REFERENCE), CHARROPRO-FMCH-2026-JINETEOS-DYNAMIC-IMPLEMENTATION-001/FILES_CHANGED.md (DOCUMENTATION_ONLY_REFERENCE), CHARROPRO-FMCH-2026-MANGANAS-PASO-IMPLEMENTATION-001/FILES_CHANGED.md (DOCUMENTATION_ONLY_REFERENCE), CHARROPRO-FMCH-2026-PIALES-COLEADERO-IMPLEMENTATION-001/FILES_CHANGED.md (DOCUMENTATION_ONLY_REFERENCE), CHARROPRO-FMCH-2026-TERNA-COMPLETE-IMPLEMENTATION-001/FILES_CHANGED.md (DOCUMENTATION_ONLY_REFERENCE)"
"tests/fmch-2026-cala-scorer.test.mjs","TEST","KEEP_CERTIFICATION_EVIDENCE","MEDIUM","false","CHARROPRO-FMCH-2026-CALA-SCORER-001/FILES_CHANGED.md (DOCUMENTATION_ONLY_REFERENCE), CHARROPRO-FMCH-2026-CALA-SCORER-001/FMCH_2026_CALA_RULE_RECONCILIATION.md (DOCUMENTATION_ONLY_REFERENCE), CHARROPRO-FMCH-2026-JINETEOS-DYNAMIC-IMPLEMENTATION-001/FILES_CHANGED.md (DOCUMENTATION_ONLY_REFERENCE), CHARROPRO-FMCH-2026-MANGANAS-PASO-IMPLEMENTATION-001/FILES_CHANGED.md (DOCUMENTATION_ONLY_REFERENCE), CHARROPRO-FMCH-2026-PIALES-COLEADERO-IMPLEMENTATION-001/FILES_CHANGED.md (DOCUMENTATION_ONLY_REFERENCE)"
"tests/fmch-2026-jineteos-dynamic-scorer.test.mjs","TEST","KEEP_CERTIFICATION_EVIDENCE","MEDIUM","false","CHARROPRO-FMCH-2026-JINETEOS-DYNAMIC-IMPLEMENTATION-001/FILES_CHANGED.md (DOCUMENTATION_ONLY_REFERENCE), CHARROPRO-FMCH-2026-JINETEOS-DYNAMIC-IMPLEMENTATION-001/TEST_EVIDENCE.md (DOCUMENTATION_ONLY_REFERENCE), CHARROPRO-FMCH-2026-MANGANAS-PASO-IMPLEMENTATION-001/FILES_CHANGED.md (DOCUMENTATION_ONLY_REFERENCE), CHARROPRO-FMCH-2026-TERNA-COMPLETE-IMPLEMENTATION-001/FILES_CHANGED.md (DOCUMENTATION_ONLY_REFERENCE)"
"tests/fmch-2026-manganas-paso-scorer.test.mjs","TEST","KEEP_CERTIFICATION_EVIDENCE","MEDIUM","false","CHARROPRO-FMCH-2026-MANGANAS-PASO-IMPLEMENTATION-001/FILES_CHANGED.md (DOCUMENTATION_ONLY_REFERENCE), CHARROPRO-FMCH-2026-MANGANAS-PASO-IMPLEMENTATION-001/TEST_EVIDENCE.md (DOCUMENTATION_ONLY_REFERENCE), CHARROPRO-FMCH-2026-RULE-PROFILE-SPORTING-BLOCKERS-RESOLUTION-002/FILES_CHANGED.md (DOCUMENTATION_ONLY_REFERENCE)"
"tests/fmch-2026-piales-coleadero-scorer.test.mjs","TEST","KEEP_CERTIFICATION_EVIDENCE","MEDIUM","false","CHARROPRO-FMCH-2026-JINETEOS-DYNAMIC-IMPLEMENTATION-001/FILES_CHANGED.md (DOCUMENTATION_ONLY_REFERENCE), CHARROPRO-FMCH-2026-MANGANAS-PASO-IMPLEMENTATION-001/FILES_CHANGED.md (DOCUMENTATION_ONLY_REFERENCE), CHARROPRO-FMCH-2026-PIALES-COLEADERO-IMPLEMENTATION-001/FILES_CHANGED.md (DOCUMENTATION_ONLY_REFERENCE), CHARROPRO-FMCH-2026-PIALES-COLEADERO-IMPLEMENTATION-001/TEST_EVIDENCE.md (DOCUMENTATION_ONLY_REFERENCE), CHARROPRO-FMCH-2026-RULE-PROFILE-SPORTING-BLOCKERS-RESOLUTION-002/FILES_CHANGED.md (DOCUMENTATION_ONLY_REFERENCE)"
"tests/fmch-2026-rule-profile-certification.test.mjs","TEST","KEEP_CERTIFICATION_EVIDENCE","MEDIUM","false","CHARROPRO-FMCH-2026-RULE-PROFILE-SPORTING-BLOCKERS-CERTIFICATION-001/FILES_CHANGED.md (DOCUMENTATION_ONLY_REFERENCE), CHARROPRO-FMCH-2026-RULE-PROFILE-SPORTING-BLOCKERS-RESOLUTION-002/FILES_CHANGED.md (DOCUMENTATION_ONLY_REFERENCE)"
"tests/fmch-2026-terna-complete.test.mjs","TEST","KEEP_CERTIFICATION_EVIDENCE","MEDIUM","false","CHARROPRO-FMCH-2026-MANGANAS-PASO-IMPLEMENTATION-001/FILES_CHANGED.md (DOCUMENTATION_ONLY_REFERENCE), CHARROPRO-FMCH-2026-TERNA-COMPLETE-IMPLEMENTATION-001/FILES_CHANGED.md (DOCUMENTATION_ONLY_REFERENCE), CHARROPRO-OPERATIONAL-VALIDATION-CORRECTIONS-002/FILES_CHANGED.md (DOCUMENTATION_ONLY_REFERENCE), CHARROPRO-SCORER-OPERATIONAL-STABILIZATION-CHECKPOINT-001/WORKING_TREE_AUDIT.md (DOCUMENTATION_ONLY_REFERENCE), CHARROPRO-TERNA-RULE-CATALOG-RESOLUTION-AUDIT-003/TEST_EVIDENCE.md (DOCUMENTATION_ONLY_REFERENCE)"
"tests/fmch-judge-questionnaire.test.mjs","TEST","KEEP_CERTIFICATION_EVIDENCE","MEDIUM","false","CHARROPRO-FMCH-JUDGE-VALIDATION-QUESTIONNAIRE-HTML-001/FILES_CHANGED.md (DOCUMENTATION_ONLY_REFERENCE), CHARROPRO-FMCH-JUDGE-VALIDATION-QUESTIONNAIRE-HTML-001/TEST_RESULTS.md (DOCUMENTATION_ONLY_REFERENCE)"
"tests/full-scorer-integration.test.mjs","TEST","KEEP_CERTIFICATION_EVIDENCE","MEDIUM","false","CHARROPRO-OFFICIAL-TIMER-AUTHORITY-AND-SYNC-INTEGRATION-001/FILES_CHANGED.md (DOCUMENTATION_ONLY_REFERENCE), CHARROPRO-OPERATIONAL-FLOW-AND-PUBLIC-PORTAL-CORRECTIONS-001/FILES_CHANGED.md (DOCUMENTATION_ONLY_REFERENCE), CHARROPRO-OPERATIONAL-VALIDATION-CORRECTIONS-002/FILES_CHANGED.md (DOCUMENTATION_ONLY_REFERENCE), CHARROPRO-PENDING-REVIEW-AND-FULL-SCORER-INTEGRATION-001/FILES_CHANGED.md (DOCUMENTATION_ONLY_REFERENCE), CHARROPRO-PENDING-REVIEW-AND-FULL-SCORER-INTEGRATION-001/TEST_EVIDENCE.md (DOCUMENTATION_ONLY_REFERENCE)"
"tests/live-bindings.test.mjs","TEST","KEEP_CERTIFICATION_EVIDENCE","MEDIUM","false","no parsed consumer; path/role classification requires review"
"tests/local-runtime-seed.test.mjs","TEST","KEEP_CERTIFICATION_EVIDENCE","MEDIUM","false","CHARROPRO-FMCH-2026-CALA-SCORER-001/FILES_CHANGED.md (DOCUMENTATION_ONLY_REFERENCE), CHARROPRO-FMCH-2026-JINETEOS-DYNAMIC-IMPLEMENTATION-001/FILES_CHANGED.md (DOCUMENTATION_ONLY_REFERENCE), CHARROPRO-FMCH-2026-MANGANAS-PASO-IMPLEMENTATION-001/FILES_CHANGED.md (DOCUMENTATION_ONLY_REFERENCE), CHARROPRO-FMCH-2026-PIALES-COLEADERO-IMPLEMENTATION-001/FILES_CHANGED.md (DOCUMENTATION_ONLY_REFERENCE), CHARROPRO-FMCH-2026-TERNA-COMPLETE-IMPLEMENTATION-001/FILES_CHANGED.md (DOCUMENTATION_ONLY_REFERENCE)"
"tests/official-format-authoritative-snapshot.test.mjs","TEST","KEEP_CERTIFICATION_EVIDENCE","MEDIUM","false","CHARROPRO-FMCH-OFFICIAL-DOCUMENT-DATA-MAPPING-001/FIELD_MAPPING.json (CONFIG_REFERENCE), CHARROPRO-FMCH-OFFICIAL-FORMAT-CERTIFICATION-STATE-RECONCILIATION-001/FILES_CHANGED.md (DOCUMENTATION_ONLY_REFERENCE), CHARROPRO-FMCH-OFFICIAL-TEAM-SHEET-HTML-PRINT-AND-GEOMETRY-FIDELITY-001/FILES_CHANGED.md (DOCUMENTATION_ONLY_REFERENCE), CHARROPRO-FMCH-OFFICIAL-TEAM-SHEET-PRE-JUDGE-FINAL-CORRECTIONS-001/FILES_CHANGED.md (DOCUMENTATION_ONLY_REFERENCE), CHARROPRO-FMCH-OFFICIAL-TEAM-SHEET-SEMANTIC-FIELD-CERTIFICATION-001/FILES_CHANGED.md (DOCUMENTATION_ONLY_REFERENCE)"
"tests/official-format-html-print-geometry.test.mjs","TEST","KEEP_CERTIFICATION_EVIDENCE","MEDIUM","false","CHARROPRO-FMCH-OFFICIAL-TEAM-SHEET-HTML-PRINT-AND-GEOMETRY-FIDELITY-001/FILES_CHANGED.md (DOCUMENTATION_ONLY_REFERENCE)"
"tests/official-format-pre-judge-final-corrections.test.mjs","TEST","KEEP_CERTIFICATION_EVIDENCE","MEDIUM","false","CHARROPRO-FMCH-OFFICIAL-TEAM-SHEET-HTML-PRINT-AND-GEOMETRY-FIDELITY-001/FILES_CHANGED.md (DOCUMENTATION_ONLY_REFERENCE), CHARROPRO-FMCH-OFFICIAL-TEAM-SHEET-PRE-JUDGE-FINAL-CORRECTIONS-001/FILES_CHANGED.md (DOCUMENTATION_ONLY_REFERENCE)"
"tests/official-format-semantic-field-certification.test.mjs","TEST","KEEP_CERTIFICATION_EVIDENCE","MEDIUM","false","CHARROPRO-FMCH-OFFICIAL-DOCUMENT-DATA-MAPPING-001/FIELD_MAPPING.json (CONFIG_REFERENCE), CHARROPRO-FMCH-OFFICIAL-TEAM-SHEET-HTML-PRINT-AND-GEOMETRY-FIDELITY-001/FILES_CHANGED.md (DOCUMENTATION_ONLY_REFERENCE), CHARROPRO-FMCH-OFFICIAL-TEAM-SHEET-PRE-JUDGE-FINAL-CORRECTIONS-001/FILES_CHANGED.md (DOCUMENTATION_ONLY_REFERENCE), CHARROPRO-FMCH-OFFICIAL-TEAM-SHEET-SEMANTIC-FIELD-CERTIFICATION-001/FILES_CHANGED.md (DOCUMENTATION_ONLY_REFERENCE), CHARROPRO-FMCH-OFFICIAL-TEAM-SHEET-SEMANTIC-FIELD-CERTIFICATION-001/TEST_RESULTS.md (DOCUMENTATION_ONLY_REFERENCE)"
"tests/official-score-concurrency.test.mjs","TEST","KEEP_CERTIFICATION_EVIDENCE","MEDIUM","false","CHARROPRO-BACKUP-AND-RECOVERY-FOUNDATION-001/ROLLBACK.md (DOCUMENTATION_ONLY_REFERENCE), CHARROPRO-FMCH-OFFICIAL-DOCUMENT-DATA-MAPPING-001/CURRENT_MODULES_INVENTORY.md (DOCUMENTATION_ONLY_REFERENCE), CHARROPRO-OFFICIAL-SCORE-CONCURRENCY-001/FILES_CHANGED.md (DOCUMENTATION_ONLY_REFERENCE), CHARROPRO-OFFICIAL-SCORE-CONCURRENCY-001/TEST_RESULTS.md (DOCUMENTATION_ONLY_REFERENCE), CHARROPRO-PENDING-REVIEW-AND-FULL-SCORER-INTEGRATION-001/TEST_EVIDENCE.md (DOCUMENTATION_ONLY_REFERENCE)"
"tests/official-timer-authority-sync.test.mjs","TEST","KEEP_CERTIFICATION_EVIDENCE","MEDIUM","false","CHARROPRO-OFFICIAL-TIMER-AUTHORITY-AND-SYNC-INTEGRATION-001/FILES_CHANGED.md (DOCUMENTATION_ONLY_REFERENCE), CHARROPRO-OFFICIAL-TIMER-AUTHORITY-AND-SYNC-INTEGRATION-001/SYNC_AND_FAILOVER_TEST_EVIDENCE.md (DOCUMENTATION_ONLY_REFERENCE)"
"tests/operational-validation-corrections-002.test.mjs","TEST","KEEP_CERTIFICATION_EVIDENCE","MEDIUM","false","CHARROPRO-OPERATIONAL-VALIDATION-CORRECTIONS-002/FILES_CHANGED.md (DOCUMENTATION_ONLY_REFERENCE), CHARROPRO-SCORER-OPERATIONAL-STABILIZATION-CHECKPOINT-001/WORKING_TREE_AUDIT.md (DOCUMENTATION_ONLY_REFERENCE), CHARROPRO-TERNA-RULE-CATALOG-RESOLUTION-AUDIT-003/TEST_EVIDENCE.md (DOCUMENTATION_ONLY_REFERENCE)"
"tests/output-synchronization.test.mjs","TEST","KEEP_CERTIFICATION_EVIDENCE","MEDIUM","false","CHARROPRO-FMCH-2026-JINETEOS-DYNAMIC-IMPLEMENTATION-001/FILES_CHANGED.md (DOCUMENTATION_ONLY_REFERENCE), CHARROPRO-FMCH-2026-MANGANAS-PASO-IMPLEMENTATION-001/FILES_CHANGED.md (DOCUMENTATION_ONLY_REFERENCE), CHARROPRO-FMCH-2026-PIALES-COLEADERO-IMPLEMENTATION-001/FILES_CHANGED.md (DOCUMENTATION_ONLY_REFERENCE), CHARROPRO-FMCH-2026-TERNA-COMPLETE-IMPLEMENTATION-001/FILES_CHANGED.md (DOCUMENTATION_ONLY_REFERENCE), CHARROPRO-OFFICIAL-TIMER-AUTHORITY-AND-SYNC-INTEGRATION-001/FILES_CHANGED.md (DOCUMENTATION_ONLY_REFERENCE)"
"tests/pending-score-review-workflow.test.mjs","TEST","KEEP_CERTIFICATION_EVIDENCE","MEDIUM","false","CHARROPRO-OFFICIAL-TIMER-AUTHORITY-AND-SYNC-INTEGRATION-001/FILES_CHANGED.md (DOCUMENTATION_ONLY_REFERENCE), CHARROPRO-OPERATIONAL-FLOW-AND-PUBLIC-PORTAL-CORRECTIONS-001/FILES_CHANGED.md (DOCUMENTATION_ONLY_REFERENCE), CHARROPRO-OPERATIONAL-VALIDATION-CORRECTIONS-002/FILES_CHANGED.md (DOCUMENTATION_ONLY_REFERENCE), CHARROPRO-PENDING-REVIEW-AND-FULL-SCORER-INTEGRATION-001/FILES_CHANGED.md (DOCUMENTATION_ONLY_REFERENCE), CHARROPRO-PENDING-REVIEW-AND-FULL-SCORER-INTEGRATION-001/TEST_EVIDENCE.md (DOCUMENTATION_ONLY_REFERENCE)"
"tests/production-console.test.mjs","TEST","KEEP_CERTIFICATION_EVIDENCE","MEDIUM","false","CHARROPRO-FMCH-2026-JINETEOS-DYNAMIC-IMPLEMENTATION-001/FILES_CHANGED.md (DOCUMENTATION_ONLY_REFERENCE), CHARROPRO-FMCH-2026-MANGANAS-PASO-IMPLEMENTATION-001/FILES_CHANGED.md (DOCUMENTATION_ONLY_REFERENCE), CHARROPRO-FMCH-2026-PIALES-COLEADERO-IMPLEMENTATION-001/FILES_CHANGED.md (DOCUMENTATION_ONLY_REFERENCE), CHARROPRO-FMCH-2026-TERNA-COMPLETE-IMPLEMENTATION-001/FILES_CHANGED.md (DOCUMENTATION_ONLY_REFERENCE), CHARROPRO-OFFICIAL-TIMER-AUTHORITY-AND-SYNC-INTEGRATION-001/FILES_CHANGED.md (DOCUMENTATION_ONLY_REFERENCE)"
"tests/production-nav.test.mjs","TEST","KEEP_CERTIFICATION_EVIDENCE","MEDIUM","false","CHARROPRO-OFFICIAL-SCORE-CONCURRENCY-001/FILES_CHANGED.md (DOCUMENTATION_ONLY_REFERENCE), CHARROPRO-OFFICIAL-TIMER-AUTHORITY-AND-SYNC-INTEGRATION-001/FILES_CHANGED.md (DOCUMENTATION_ONLY_REFERENCE), CHARROPRO-OPERATIONAL-FLOW-AND-PUBLIC-PORTAL-CORRECTIONS-001/FILES_CHANGED.md (DOCUMENTATION_ONLY_REFERENCE), CHARROPRO-OPERATIONAL-VALIDATION-CORRECTIONS-002/FILES_CHANGED.md (DOCUMENTATION_ONLY_REFERENCE), CHARROPRO-PENDING-REVIEW-AND-FULL-SCORER-INTEGRATION-001/FILES_CHANGED.md (DOCUMENTATION_ONLY_REFERENCE)"
"tests/production-variables.test.mjs","TEST","KEEP_CERTIFICATION_EVIDENCE","MEDIUM","false","DESPLIEGUE_CHARROPRO.md (DOCUMENTATION_ONLY_REFERENCE)"
"tests/productive-rule-profile-policy.test.mjs","TEST","KEEP_CERTIFICATION_EVIDENCE","MEDIUM","false","no parsed consumer; path/role classification requires review"
"tests/program-main-output.test.mjs","TEST","KEEP_CERTIFICATION_EVIDENCE","MEDIUM","false","no parsed consumer; path/role classification requires review"
"tests/public-foundation-integration.test.mjs","TEST","KEEP_CERTIFICATION_EVIDENCE","MEDIUM","false","no parsed consumer; path/role classification requires review"
"tests/public-live-feed-integration.test.mjs","TEST","KEEP_CERTIFICATION_EVIDENCE","MEDIUM","false","CHARROPRO-BACKUP-AND-RECOVERY-FOUNDATION-001/ROLLBACK.md (DOCUMENTATION_ONLY_REFERENCE), CHARROPRO-FMCH-2026-JINETEOS-DYNAMIC-IMPLEMENTATION-001/FILES_CHANGED.md (DOCUMENTATION_ONLY_REFERENCE), CHARROPRO-FMCH-2026-MANGANAS-PASO-IMPLEMENTATION-001/FILES_CHANGED.md (DOCUMENTATION_ONLY_REFERENCE), CHARROPRO-FMCH-2026-PIALES-COLEADERO-IMPLEMENTATION-001/FILES_CHANGED.md (DOCUMENTATION_ONLY_REFERENCE), CHARROPRO-FMCH-2026-TERNA-COMPLETE-IMPLEMENTATION-001/FILES_CHANGED.md (DOCUMENTATION_ONLY_REFERENCE)"
"tests/public-live-feed-templates.test.mjs","TEST","KEEP_CERTIFICATION_EVIDENCE","MEDIUM","false","no parsed consumer; path/role classification requires review"
"tests/public-live-feed.test.mjs","TEST","KEEP_CERTIFICATION_EVIDENCE","MEDIUM","false","no parsed consumer; path/role classification requires review"
"tests/public-portal-client.test.mjs","TEST","KEEP_CERTIFICATION_EVIDENCE","MEDIUM","false","no parsed consumer; path/role classification requires review"
"tests/public-portal-core.test.mjs","TEST","KEEP_CERTIFICATION_EVIDENCE","MEDIUM","false","CHARROPRO-FMCH-2026-JINETEOS-DYNAMIC-IMPLEMENTATION-001/FILES_CHANGED.md (DOCUMENTATION_ONLY_REFERENCE), CHARROPRO-FMCH-2026-MANGANAS-PASO-IMPLEMENTATION-001/FILES_CHANGED.md (DOCUMENTATION_ONLY_REFERENCE), CHARROPRO-FMCH-2026-PIALES-COLEADERO-IMPLEMENTATION-001/FILES_CHANGED.md (DOCUMENTATION_ONLY_REFERENCE), CHARROPRO-FMCH-2026-TERNA-COMPLETE-IMPLEMENTATION-001/FILES_CHANGED.md (DOCUMENTATION_ONLY_REFERENCE), CHARROPRO-OFFICIAL-TIMER-AUTHORITY-AND-SYNC-INTEGRATION-001/FILES_CHANGED.md (DOCUMENTATION_ONLY_REFERENCE)"
"tests/public-portal-design-system-v2.test.mjs","TEST","KEEP_CERTIFICATION_EVIDENCE","MEDIUM","false","no parsed consumer; path/role classification requires review"
"tests/public-portal-partial-standings.test.mjs","TEST","KEEP_CERTIFICATION_EVIDENCE","MEDIUM","false","CHARROPRO-OPERATIONAL-FLOW-AND-PUBLIC-PORTAL-CORRECTIONS-001/FILES_CHANGED.md (DOCUMENTATION_ONLY_REFERENCE), CHARROPRO-OPERATIONAL-FLOW-AND-PUBLIC-PORTAL-CORRECTIONS-001/TEST_EVIDENCE.md (DOCUMENTATION_ONLY_REFERENCE)"
"tests/public-portal-router.test.mjs","TEST","KEEP_CERTIFICATION_EVIDENCE","MEDIUM","false","PUBLIC_PORTAL_CORE_V1.md (DOCUMENTATION_ONLY_REFERENCE)"
"tests/public-portal-selectors.test.mjs","TEST","KEEP_CERTIFICATION_EVIDENCE","MEDIUM","false","PUBLIC_PORTAL_CORE_V1.md (DOCUMENTATION_ONLY_REFERENCE)"
"tests/public-portal-ux.test.mjs","TEST","KEEP_CERTIFICATION_EVIDENCE","MEDIUM","false","no parsed consumer; path/role classification requires review"
"tests/public-projection-outbox.test.mjs","TEST","KEEP_CERTIFICATION_EVIDENCE","MEDIUM","false","CHARROPRO-PENDING-REVIEW-AND-FULL-SCORER-INTEGRATION-001/TEST_EVIDENCE.md (DOCUMENTATION_ONLY_REFERENCE), CHARROPRO-PUBLIC-PROJECTION-LIVE-FEED-SCORE-PUBLISH-RECOVERY-001/FILES_CHANGED.md (DOCUMENTATION_ONLY_REFERENCE), CHARROPRO-PUBLIC-PROJECTION-LIVE-FEED-SCORE-PUBLISH-RECOVERY-001/TEST_RESULTS.md (DOCUMENTATION_ONLY_REFERENCE), CHARROPRO-RULE-PROFILE-ENGINE-001/RULE_PROFILE_TEST_EVIDENCE.md (DOCUMENTATION_ONLY_REFERENCE)"
"tests/public-projection.test.mjs","TEST","KEEP_CERTIFICATION_EVIDENCE","MEDIUM","false","CHARROPRO-OPERATIONAL-FLOW-AND-PUBLIC-PORTAL-CORRECTIONS-001/FILES_CHANGED.md (DOCUMENTATION_ONLY_REFERENCE)"
"tests/public-snapshot-cache-coherence.test.mjs","TEST","KEEP_CERTIFICATION_EVIDENCE","MEDIUM","false","CHARROPRO-FMCH-2026-JINETEOS-DYNAMIC-IMPLEMENTATION-001/FILES_CHANGED.md (DOCUMENTATION_ONLY_REFERENCE), CHARROPRO-FMCH-2026-MANGANAS-PASO-IMPLEMENTATION-001/FILES_CHANGED.md (DOCUMENTATION_ONLY_REFERENCE), CHARROPRO-FMCH-2026-PIALES-COLEADERO-IMPLEMENTATION-001/FILES_CHANGED.md (DOCUMENTATION_ONLY_REFERENCE), CHARROPRO-FMCH-2026-TERNA-COMPLETE-IMPLEMENTATION-001/FILES_CHANGED.md (DOCUMENTATION_ONLY_REFERENCE), CHARROPRO-OFFICIAL-TIMER-AUTHORITY-AND-SYNC-INTEGRATION-001/FILES_CHANGED.md (DOCUMENTATION_ONLY_REFERENCE)"
"tests/release-management.test.mjs","TEST","KEEP_CERTIFICATION_EVIDENCE","MEDIUM","false","CHARROPRO-RELEASE-MANAGEMENT-001/FILES_CHANGED.md (DOCUMENTATION_ONLY_REFERENCE), CHARROPRO-RELEASE-MANAGEMENT-001/TEST_RESULTS.md (DOCUMENTATION_ONLY_REFERENCE), CHARROPRO-RELEASE-MANAGEMENT-001/VALIDATION.md (DOCUMENTATION_ONLY_REFERENCE)"
"tests/rule-profile-assignment-authority.test.mjs","TEST","KEEP_CERTIFICATION_EVIDENCE","MEDIUM","false","no parsed consumer; path/role classification requires review"
"tests/rule-profile-engine.test.mjs","TEST","KEEP_CERTIFICATION_EVIDENCE","MEDIUM","false","CHARROPRO-FMCH-2026-CALA-SCORER-001/FILES_CHANGED.md (DOCUMENTATION_ONLY_REFERENCE), CHARROPRO-FMCH-2026-JINETEOS-DYNAMIC-IMPLEMENTATION-001/FILES_CHANGED.md (DOCUMENTATION_ONLY_REFERENCE), CHARROPRO-FMCH-2026-MANGANAS-PASO-IMPLEMENTATION-001/FILES_CHANGED.md (DOCUMENTATION_ONLY_REFERENCE), CHARROPRO-FMCH-2026-PIALES-COLEADERO-IMPLEMENTATION-001/FILES_CHANGED.md (DOCUMENTATION_ONLY_REFERENCE), CHARROPRO-FMCH-2026-RULE-PROFILE-SPORTING-BLOCKERS-RESOLUTION-002/FILES_CHANGED.md (DOCUMENTATION_ONLY_REFERENCE)"
"tests/rule-profile-lifecycle-authority.test.mjs","TEST","KEEP_CERTIFICATION_EVIDENCE","MEDIUM","false","CHARROPRO-RULE-PROFILE-PRODUCTION-LIFECYCLE-AUTHORITY-001/FILES_CHANGED.md (DOCUMENTATION_ONLY_REFERENCE)"
"tests/rule-profile-lifecycle-read-authority.test.mjs","TEST","KEEP_CERTIFICATION_EVIDENCE","MEDIUM","false","no parsed consumer; path/role classification requires review"
"tests/rule-profile-temporal-policy.test.mjs","TEST","KEEP_CERTIFICATION_EVIDENCE","MEDIUM","false","CHARROPRO-FMCH-TEMPORAL-POLICY-AND-TRANSITIONS-001/IMPLEMENTATION_SUMMARY.md (DOCUMENTATION_ONLY_REFERENCE)"
"tests/scorer-information-hierarchy-compaction.test.mjs","TEST","KEEP_CERTIFICATION_EVIDENCE","MEDIUM","false","CHARROPRO-SCORER-INFORMATION-HIERARCHY-COMPACTION-001/FILES_CHANGED.md (DOCUMENTATION_ONLY_REFERENCE), CHARROPRO-SCORER-INFORMATION-HIERARCHY-COMPACTION-001/TEST_EVIDENCE.md (DOCUMENTATION_ONLY_REFERENCE), CHARROPRO-SCORER-SCREEN-BY-SCREEN-UX-REFINEMENT-001/FILES_CHANGED.md (DOCUMENTATION_ONLY_REFERENCE), CHARROPRO-SCORER-SCREEN-BY-SCREEN-UX-REFINEMENT-001/TEST_EVIDENCE.md (DOCUMENTATION_ONLY_REFERENCE)"
"tests/scorer-responsive-components.test.mjs","TEST","KEEP_CERTIFICATION_EVIDENCE","MEDIUM","false","CHARROPRO-FMCH-2026-CALA-SCORER-001/FILES_CHANGED.md (DOCUMENTATION_ONLY_REFERENCE), CHARROPRO-FMCH-2026-JINETEOS-DYNAMIC-IMPLEMENTATION-001/FILES_CHANGED.md (DOCUMENTATION_ONLY_REFERENCE), CHARROPRO-FMCH-2026-MANGANAS-PASO-IMPLEMENTATION-001/FILES_CHANGED.md (DOCUMENTATION_ONLY_REFERENCE), CHARROPRO-FMCH-2026-PIALES-COLEADERO-IMPLEMENTATION-001/FILES_CHANGED.md (DOCUMENTATION_ONLY_REFERENCE), CHARROPRO-FMCH-2026-TERNA-COMPLETE-IMPLEMENTATION-001/FILES_CHANGED.md (DOCUMENTATION_ONLY_REFERENCE)"
"tests/scorer-save-latency.test.mjs","TEST","KEEP_CERTIFICATION_EVIDENCE","MEDIUM","false","CHARROPRO-SCORER-SAVE-AND-NEXT-LATENCY-AUDIT-001/FILES_CHANGED.md (DOCUMENTATION_ONLY_REFERENCE)"
"tests/scorer-screen-by-screen-ux-refinement.test.mjs","TEST","KEEP_CERTIFICATION_EVIDENCE","MEDIUM","false","CHARROPRO-SCORER-SCREEN-BY-SCREEN-UX-REFINEMENT-001/FILES_CHANGED.md (DOCUMENTATION_ONLY_REFERENCE), CHARROPRO-SCORER-SCREEN-BY-SCREEN-UX-REFINEMENT-001/TEST_EVIDENCE.md (DOCUMENTATION_ONLY_REFERENCE), CHARROPRO-SCORER-WORKSPACE-VIEWPORT-COMPACTION-001/FILES_CHANGED.md (DOCUMENTATION_ONLY_REFERENCE)"
"tests/scorer-workspace-viewport-compaction.test.mjs","TEST","KEEP_CERTIFICATION_EVIDENCE","MEDIUM","false","CHARROPRO-SCORER-WORKSPACE-VIEWPORT-COMPACTION-001/FILES_CHANGED.md (DOCUMENTATION_ONLY_REFERENCE)"
"tests/scoring-attempt-v2.test.mjs","TEST","KEEP_CERTIFICATION_EVIDENCE","MEDIUM","false","CHARROPRO-FMCH-2026-CALA-SCORER-001/FILES_CHANGED.md (DOCUMENTATION_ONLY_REFERENCE), CHARROPRO-PENDING-REVIEW-AND-FULL-SCORER-INTEGRATION-001/TEST_EVIDENCE.md (DOCUMENTATION_ONLY_REFERENCE), CHARROPRO-SCORING-ATTEMPT-MODEL-V2-001/FILES_CHANGED.md (DOCUMENTATION_ONLY_REFERENCE), CHARROPRO-SCORING-ATTEMPT-MODEL-V2-001/SCORING_ATTEMPT_V2_TEST_EVIDENCE.md (DOCUMENTATION_ONLY_REFERENCE)"
"tests/scoring-ui-final-polish.test.mjs","TEST","KEEP_CERTIFICATION_EVIDENCE","MEDIUM","false","CHARROPRO-OPERATIONAL-VALIDATION-CORRECTIONS-002/FILES_CHANGED.md (DOCUMENTATION_ONLY_REFERENCE), CHARROPRO-SCORER-OPERATIONAL-STABILIZATION-CHECKPOINT-001/WORKING_TREE_AUDIT.md (DOCUMENTATION_ONLY_REFERENCE)"
"tests/supervisor-navigation.test.mjs","TEST","KEEP_CERTIFICATION_EVIDENCE","MEDIUM","false","no parsed consumer; path/role classification requires review"
"tests/team-penalties-zero.test.mjs","TEST","KEEP_CERTIFICATION_EVIDENCE","MEDIUM","false","CHARROPRO-FMCH-2026-JINETEOS-DYNAMIC-IMPLEMENTATION-001/FILES_CHANGED.md (DOCUMENTATION_ONLY_REFERENCE), CHARROPRO-FMCH-2026-MANGANAS-PASO-IMPLEMENTATION-001/FILES_CHANGED.md (DOCUMENTATION_ONLY_REFERENCE), CHARROPRO-FMCH-2026-PIALES-COLEADERO-IMPLEMENTATION-001/FILES_CHANGED.md (DOCUMENTATION_ONLY_REFERENCE), CHARROPRO-FMCH-2026-TERNA-COMPLETE-IMPLEMENTATION-001/FILES_CHANGED.md (DOCUMENTATION_ONLY_REFERENCE), CHARROPRO-FMCH-OFFICIAL-DOCUMENT-SPECIFICATION-001/CURRENT_REPOSITORY_REFERENCES.md (DOCUMENTATION_ONLY_REFERENCE)"
"tests/template-renderer-integration.test.mjs","TEST","KEEP_CERTIFICATION_EVIDENCE","MEDIUM","false","no parsed consumer; path/role classification requires review"
"tests/terna-operational-flow.test.mjs","TEST","KEEP_CERTIFICATION_EVIDENCE","MEDIUM","false","CHARROPRO-OPERATIONAL-FLOW-AND-PUBLIC-PORTAL-CORRECTIONS-001/FILES_CHANGED.md (DOCUMENTATION_ONLY_REFERENCE), CHARROPRO-OPERATIONAL-FLOW-AND-PUBLIC-PORTAL-CORRECTIONS-001/TEST_EVIDENCE.md (DOCUMENTATION_ONLY_REFERENCE), CHARROPRO-OPERATIONAL-VALIDATION-CORRECTIONS-002/FILES_CHANGED.md (DOCUMENTATION_ONLY_REFERENCE), CHARROPRO-SCORER-OPERATIONAL-STABILIZATION-CHECKPOINT-001/WORKING_TREE_AUDIT.md (DOCUMENTATION_ONLY_REFERENCE), CHARROPRO-SCORER-SCREEN-BY-SCREEN-UX-REFINEMENT-001/TEST_EVIDENCE.md (DOCUMENTATION_ONLY_REFERENCE)"
"tests/terna-rule-catalog-resolution-audit-003.test.mjs","TEST","KEEP_CERTIFICATION_EVIDENCE","MEDIUM","false","CHARROPRO-SCORER-OPERATIONAL-STABILIZATION-CHECKPOINT-001/WORKING_TREE_AUDIT.md (DOCUMENTATION_ONLY_REFERENCE), CHARROPRO-TERNA-RULE-CATALOG-RESOLUTION-AUDIT-003/FILES_CHANGED.md (DOCUMENTATION_ONLY_REFERENCE), CHARROPRO-TERNA-RULE-CATALOG-RESOLUTION-AUDIT-003/TEST_EVIDENCE.md (DOCUMENTATION_ONLY_REFERENCE)"
"tests/theme-template-integration.test.mjs","TEST","KEEP_CERTIFICATION_EVIDENCE","MEDIUM","false","no parsed consumer; path/role classification requires review"
"tests/tournament-context.test.mjs","TEST","KEEP_CERTIFICATION_EVIDENCE","MEDIUM","false","no parsed consumer; path/role classification requires review"
"tools/development/charropro-development.mjs","TOOLING","KEEP_TOOLING","MEDIUM","false","CHARROPRO-DEVELOPMENT-INFRASTRUCTURE-FOUNDATION-001/DEVELOPMENT_ENVIRONMENT.md (DOCUMENTATION_ONLY_REFERENCE), CHARROPRO-DEVELOPMENT-INFRASTRUCTURE-FOUNDATION-001/EMULATOR_CONFIGURATION.md (DOCUMENTATION_ONLY_REFERENCE), CHARROPRO-DEVELOPMENT-INFRASTRUCTURE-FOUNDATION-001/FILES_CHANGED.md (DOCUMENTATION_ONLY_REFERENCE), CHARROPRO-DEVELOPMENT-INFRASTRUCTURE-FOUNDATION-001/SETUP_GUIDE.md (DOCUMENTATION_ONLY_REFERENCE), CHARROPRO-DEVELOPMENT-INFRASTRUCTURE-FOUNDATION-001/VALIDATION.md (DOCUMENTATION_ONLY_REFERENCE)"
"tools/development/emulatorSmokeTest.mjs","TOOLING","KEEP_TOOLING","MEDIUM","false","CHARROPRO-DEVELOPMENT-INFRASTRUCTURE-FOUNDATION-001/FILES_CHANGED.md (DOCUMENTATION_ONLY_REFERENCE), CHARROPRO-DEVELOPMENT-INFRASTRUCTURE-FOUNDATION-001/VALIDATION.md (DOCUMENTATION_ONLY_REFERENCE), tests/development-infrastructure.test.mjs (CONFIG_REFERENCE), tools/development/charropro-development.mjs (CONFIG_REFERENCE), tools/development/environmentFoundation.mjs (CONFIG_REFERENCE)"
"tools/development/environmentFoundation.mjs","TOOLING","KEEP_TOOLING","MEDIUM","false","tests/development-infrastructure.test.mjs (TEST_ONLY_REFERENCE), tools/development/charropro-development.mjs (STATIC_REFERENCE), tools/development/charropro-development.mjs (CONFIG_REFERENCE), tools/development/localRuntimeSeed.mjs (STATIC_REFERENCE), tools/development/localRuntimeSeed.mjs (CONFIG_REFERENCE)"
"tools/development/localRuntimeSeed.mjs","TOOLING","KEEP_TOOLING","MEDIUM","false","tests/local-runtime-seed.test.mjs (TEST_ONLY_REFERENCE), tests/terna-rule-catalog-resolution-audit-003.test.mjs (TEST_ONLY_REFERENCE), CHARROPRO-FMCH-2026-CALA-SCORER-001/FILES_CHANGED.md (DOCUMENTATION_ONLY_REFERENCE), CHARROPRO-FMCH-2026-PIALES-COLEADERO-IMPLEMENTATION-001/FILES_CHANGED.md (DOCUMENTATION_ONLY_REFERENCE), CHARROPRO-FMCH-2026-TERNA-COMPLETE-IMPLEMENTATION-001/FILES_CHANGED.md (DOCUMENTATION_ONLY_REFERENCE)"
"tools/development/localWebServer.mjs","TOOLING","KEEP_TOOLING","MEDIUM","false","CHARROPRO-WEB-CLIENT-EMULATOR-RUNTIME-INTEGRATION-001/FILES_CHANGED.md (DOCUMENTATION_ONLY_REFERENCE), tools/development/charropro-development.mjs (CONFIG_REFERENCE)"
"tools/fmch-judge-questionnaire/README.md","TOOLING","KEEP_TOOLING","MEDIUM","false","CHARROPRO-FMCH-JUDGE-VALIDATION-QUESTIONNAIRE-HTML-001/FILES_CHANGED.md (DOCUMENTATION_ONLY_REFERENCE)"
"tools/fmch-judge-questionnaire/app.js","TOOLING","KEEP_TOOLING","MEDIUM","false","tools/fmch-judge-questionnaire/index.html (HTML_REFERENCE), CHARROPRO-FMCH-JUDGE-VALIDATION-QUESTIONNAIRE-HTML-001/FILES_CHANGED.md (DOCUMENTATION_ONLY_REFERENCE), CHARROPRO-FMCH-JUDGE-VALIDATION-QUESTIONNAIRE-HTML-001/TEST_RESULTS.md (DOCUMENTATION_ONLY_REFERENCE)"
"tools/fmch-judge-questionnaire/assets/official-sheet-full.png","TOOLING","KEEP_TOOLING","HIGH","true","CHARROPRO-FMCH-JUDGE-VALIDATION-QUESTIONNAIRE-HTML-001/FILES_CHANGED.md (DOCUMENTATION_ONLY_REFERENCE), assets/fmch/official-format-2024-2028/manifest.json (CONFIG_REFERENCE), js/core/officialFormatSnapshot.js (CONFIG_REFERENCE)"
"tools/fmch-judge-questionnaire/assets/section-cala.png","TOOLING","KEEP_TOOLING","MEDIUM","false","no parsed consumer; path/role classification requires review"
"tools/fmch-judge-questionnaire/assets/section-cierre.png","TOOLING","KEEP_TOOLING","MEDIUM","false","no parsed consumer; path/role classification requires review"
"tools/fmch-judge-questionnaire/assets/section-coleadero.png","TOOLING","KEEP_TOOLING","MEDIUM","false","no parsed consumer; path/role classification requires review"
"tools/fmch-judge-questionnaire/assets/section-firmas.png","TOOLING","KEEP_TOOLING","MEDIUM","false","no parsed consumer; path/role classification requires review"
"tools/fmch-judge-questionnaire/assets/section-general.png","TOOLING","KEEP_TOOLING","MEDIUM","false","no parsed consumer; path/role classification requires review"
"tools/fmch-judge-questionnaire/assets/section-manganas-caballo.png","TOOLING","KEEP_TOOLING","MEDIUM","false","no parsed consumer; path/role classification requires review"
"tools/fmch-judge-questionnaire/assets/section-manganas-pie.png","TOOLING","KEEP_TOOLING","MEDIUM","false","no parsed consumer; path/role classification requires review"
"tools/fmch-judge-questionnaire/assets/section-paso.png","TOOLING","KEEP_TOOLING","MEDIUM","false","no parsed consumer; path/role classification requires review"
"tools/fmch-judge-questionnaire/assets/section-piales.png","TOOLING","KEEP_TOOLING","MEDIUM","false","no parsed consumer; path/role classification requires review"
"tools/fmch-judge-questionnaire/assets/section-terna.png","TOOLING","KEEP_TOOLING","MEDIUM","false","no parsed consumer; path/role classification requires review"
"tools/fmch-judge-questionnaire/assets/section-toro.png","TOOLING","KEEP_TOOLING","MEDIUM","false","no parsed consumer; path/role classification requires review"
"tools/fmch-judge-questionnaire/assets/section-yegua.png","TOOLING","KEEP_TOOLING","MEDIUM","false","no parsed consumer; path/role classification requires review"
"tools/fmch-judge-questionnaire/index.html","TOOLING","KEEP_TOOLING","MEDIUM","false","CHARROPRO-FMCH-JUDGE-VALIDATION-QUESTIONNAIRE-HTML-001/FILES_CHANGED.md (DOCUMENTATION_ONLY_REFERENCE), CHARROPRO-FMCH-JUDGE-VALIDATION-QUESTIONNAIRE-HTML-001/OPERATION_GUIDE.md (DOCUMENTATION_ONLY_REFERENCE)"
"tools/fmch-judge-questionnaire/questionnaire-data.js","TOOLING","KEEP_TOOLING","MEDIUM","false","tools/fmch-judge-questionnaire/index.html (HTML_REFERENCE), CHARROPRO-FMCH-JUDGE-VALIDATION-QUESTIONNAIRE-HTML-001/FILES_CHANGED.md (DOCUMENTATION_ONLY_REFERENCE), CHARROPRO-FMCH-JUDGE-VALIDATION-QUESTIONNAIRE-HTML-001/TEST_RESULTS.md (DOCUMENTATION_ONLY_REFERENCE)"
"tools/fmch-judge-questionnaire/styles.css","TOOLING","KEEP_TOOLING","MEDIUM","false","tools/fmch-judge-questionnaire/index.html (HTML_REFERENCE), CHARROPRO-FMCH-JUDGE-VALIDATION-QUESTIONNAIRE-HTML-001/FILES_CHANGED.md (DOCUMENTATION_ONLY_REFERENCE)"
"tools/release/releaseEngine.js","TOOLING","KEEP_TOOLING","MEDIUM","false","tests/release-management.test.mjs (TEST_ONLY_REFERENCE), CHARROPRO-RELEASE-MANAGEMENT-001/FILES_CHANGED.md (DOCUMENTATION_ONLY_REFERENCE), CHARROPRO-RELEASE-MANAGEMENT-001/SUMMARY.md (DOCUMENTATION_ONLY_REFERENCE), CHARROPRO-RELEASE-MANAGEMENT-001/VALIDATION.md (DOCUMENTATION_ONLY_REFERENCE), tests/release-management.test.mjs (CONFIG_REFERENCE)"
"tools/release/releasePolicy.json","TOOLING","KEEP_TOOLING","MEDIUM","false","tests/release-management.test.mjs (TEST_ONLY_REFERENCE), CHARROPRO-RELEASE-MANAGEMENT-001/FILES_CHANGED.md (DOCUMENTATION_ONLY_REFERENCE), CHARROPRO-RELEASE-MANAGEMENT-001/SUMMARY.md (DOCUMENTATION_ONLY_REFERENCE), CHARROPRO-RELEASE-MANAGEMENT-001/VALIDATION.md (DOCUMENTATION_ONLY_REFERENCE), tests/release-management.test.mjs (CONFIG_REFERENCE)"
"torneo-publico.html","PRODUCTIVE_ENTRYPOINT","KEEP_PRODUCTIVE","HIGH","true","CHARROPRO-FMCH-2026-JINETEOS-DYNAMIC-IMPLEMENTATION-001/FILES_CHANGED.md (DOCUMENTATION_ONLY_REFERENCE), CHARROPRO-FMCH-2026-MANGANAS-PASO-IMPLEMENTATION-001/FILES_CHANGED.md (DOCUMENTATION_ONLY_REFERENCE), CHARROPRO-FMCH-2026-PIALES-COLEADERO-IMPLEMENTATION-001/FILES_CHANGED.md (DOCUMENTATION_ONLY_REFERENCE), CHARROPRO-FMCH-2026-TERNA-COMPLETE-IMPLEMENTATION-001/FILES_CHANGED.md (DOCUMENTATION_ONLY_REFERENCE), CHARROPRO-OFFICIAL-TIMER-AUTHORITY-AND-SYNC-INTEGRATION-001/FILES_CHANGED.md (DOCUMENTATION_ONLY_REFERENCE)"
"torneo.html","PRODUCTIVE_SCORER","KEEP_PRODUCTIVE","HIGH","true","CHARROPRO-FMCH-2026-CALA-SCORER-001/FMCH_2026_CALA_TEST_EVIDENCE.md (DOCUMENTATION_ONLY_REFERENCE), CHARROPRO-FMCH-2026-JINETEOS-DYNAMIC-IMPLEMENTATION-001/FILES_CHANGED.md (DOCUMENTATION_ONLY_REFERENCE), CHARROPRO-FMCH-2026-MANGANAS-PASO-IMPLEMENTATION-001/FILES_CHANGED.md (DOCUMENTATION_ONLY_REFERENCE), CHARROPRO-FMCH-2026-MANGANAS-PASO-IMPLEMENTATION-001/TEST_EVIDENCE.md (DOCUMENTATION_ONLY_REFERENCE), CHARROPRO-FMCH-2026-PIALES-COLEADERO-IMPLEMENTATION-001/FILES_CHANGED.md (DOCUMENTATION_ONLY_REFERENCE)"
